paper_row,source_link,source_key,venue_cat,venue,paper_type,title,year,I_design,J_presentation,K_representation,L_data,case_id,overall_row,source_link_overall,User (who)__Individual__union,User (who)__Individual__intersection,User (who)__Group__union,User (who)__Group__intersection,User (who)__Public__union,User (who)__Public__intersection,"Topic (what)__Entertainment, Sports
&Culture__union","Topic (what)__Entertainment, Sports
&Culture__intersection","Topic (what)__Environment 
(Surroudings/Nature), 
Geography&Ecology__union","Topic (what)__Environment 
(Surroudings/Nature), 
Geography&Ecology__intersection","Topic (what)__Health, Life 
& Emotion__union","Topic (what)__Health, Life 
& Emotion__intersection",Topic (what)__Science__union,Topic (what)__Science__intersection,"Topic (what)__Society&History
(include media)__union","Topic (what)__Society&History
(include media)__intersection","Topic (what)__Industry, Architecture&Engineering__union","Topic (what)__Industry, Architecture&Engineering__intersection",Topic (what)__Unspecified&Mixed Topics__union,Topic (what)__Unspecified&Mixed Topics__intersection,Presentation (how)__XR__union,Presentation (how)__XR__intersection,Presentation (how)__Event__union,Presentation (how)__Event__intersection,Presentation (how)__Artifact__union,Presentation (how)__Artifact__intersection,Presentation (how)__Installation__union,Presentation (how)__Installation__intersection,Presentation (how)__comprehension__union,Presentation (how)__comprehension__intersection,Goal (why)__communication__union,Goal (why)__communication__intersection,Goal (why)__archive__union,Goal (why)__archive__intersection,Goal (why)__engagement__union,Goal (why)__engagement__intersection,Goal (why)__reflection__union,Goal (why)__reflection__intersection,Goal (why)__analysis__union,Goal (why)__analysis__intersection,"data origin (when) historical, live, predictive, synthesized__Environmental data__union","data origin (when) historical, live, predictive, synthesized__Environmental data__intersection","data origin (when) historical, live, predictive, synthesized__Participant-generated__union","data origin (when) historical, live, predictive, synthesized__Participant-generated__intersection","data origin (when) historical, live, predictive, synthesized__Collected&Uploaded__union","data origin (when) historical, live, predictive, synthesized__Collected&Uploaded__intersection","data origin (when) historical, live, predictive, synthesized__Unspecified__union","data origin (when) historical, live, predictive, synthesized__Unspecified__intersection",representation form (how)__visual__union,representation form (how)__visual__intersection,representation form (how)__haptic__union,representation form (how)__haptic__intersection,representation form (how)__sound__union,representation form (how)__sound__intersection,"representation form (how)__other (taste, smell，action)__union","representation form (how)__other (taste, smell，action)__intersection",Scale__small__union,Scale__small__intersection,Scale__medium__union,Scale__medium__intersection,Scale__large__union,Scale__large__intersection,Semantics__Symbolic__union,Semantics__Symbolic__intersection,Semantics__Iconic__union,Semantics__Iconic__intersection,Semantics__Indexical__union,Semantics__Indexical__intersection,matched_overall
3,Be the Datahttps://ieeexplore.ieee.org/document/8052517,ieee:8052517,Sociology,IEEE TLT,technique+algorithm,Be the Data: Embodied Visual Analytics,2017,1,1,1,1,3.0,5.0,Be the Datahttps://ieeexplore.ieee.org/document/8052517,0.0,0.0,1.0,1.0,0.0,0.0,0.0,0.0,0.0,0.0,0.0,0.0,0.0,0.0,0.0,0.0,0.0,0.0,1.0,1.0,0.0,0.0,1.0,1.0,0.0,0.0,0.0,0.0,1.0,1.0,0.0,0.0,0.0,0.0,1.0,1.0,1.0,1.0,0.0,0.0,0.0,0.0,1.0,1.0,0.0,0.0,0.0,0.0,1.0,1.0,1.0,1.0,0.0,0.0,0.0,0.0,0.0,0.0,0.0,0.0,1.0,1.0,1.0,1.0,0.0,0.0,1.0,1.0,1
4,2013 – Solar Radiation Dowsing Rodhttps://dl.acm.org/doi/pdf/10.1145/2460625.2460671http://dataphys.org/list/solar-radiation-dowsing-rod/,doi:10.1145/2460625.2460671http://dataphys.org/list/solar-radiation-dowsing-rod,HCI,TEI,application+system,In Touch with Space: Embodying Live Data For Tangible Interaction,2013,1,0,1,1,9.0,11.0,2013 – Solar Radiation Dowsing Rodhttps://dl.acm.org/doi/pdf/10.1145/2460625.2460671http://dataphys.org/list/solar-radiation-dowsing-rod/,1.0,1.0,0.0,0.0,0.0,0.0,0.0,0.0,0.0,0.0,0.0,0.0,1.0,1.0,0.0,0.0,0.0,0.0,0.0,0.0,0.0,0.0,0.0,0.0,0.0,0.0,1.0,1.0,0.0,0.0,1.0,1.0,0.0,0.0,1.0,1.0,0.0,0.0,0.0,0.0,1.0,1.0,0.0,0.0,0.0,0.0,0.0,0.0,1.0,1.0,1.0,1.0,1.0,1.0,0.0,0.0,0.0,0.0,1.0,0.0,1.0,0.0,1.0,0.0,0.0,0.0,1.0,0.0,1
5,https://dl.acm.org/doi/10.1145/2702123.2702245,doi:10.1145/2702123.2702245,HCI,CHI,theory,Data-Things: Digital Fabrication Situated within Participatory Data Translation Activities,2015,1,0,1,1,54.0,56.0,https://dl.acm.org/doi/10.1145/2702123.2702245,1.0,1.0,0.0,0.0,0.0,0.0,0.0,0.0,0.0,0.0,0.0,0.0,0.0,0.0,0.0,0.0,0.0,0.0,1.0,1.0,0.0,0.0,0.0,0.0,1.0,1.0,0.0,0.0,0.0,0.0,1.0,1.0,1.0,1.0,1.0,1.0,1.0,1.0,0.0,0.0,0.0,0.0,1.0,1.0,0.0,0.0,0.0,0.0,1.0,1.0,1.0,1.0,0.0,0.0,0.0,0.0,1.0,1.0,0.0,0.0,0.0,0.0,1.0,1.0,0.0,0.0,1.0,1.0,1
6,https://dl.acm.org/doi/10.1145/2858036.2858059,doi:10.1145/2858036.2858059,HCI,CHI,application+system,Physikit: Data Engagement Through Physical Ambient Visualizations in the Home,2016,1,1,1,1,55.0,57.0,https://dl.acm.org/doi/10.1145/2858036.2858059,1.0,1.0,0.0,0.0,0.0,0.0,0.0,0.0,1.0,1.0,0.0,0.0,0.0,0.0,0.0,0.0,0.0,0.0,0.0,0.0,0.0,0.0,0.0,0.0,1.0,1.0,0.0,0.0,0.0,0.0,1.0,1.0,0.0,0.0,1.0,1.0,1.0,1.0,0.0,0.0,1.0,1.0,0.0,0.0,0.0,0.0,0.0,0.0,1.0,1.0,1.0,0.0,0.0,0.0,0.0,0.0,1.0,1.0,0.0,0.0,0.0,0.0,1.0,1.0,0.0,0.0,0.0,0.0,1
7,https://dl.acm.org/doi/10.1145/2901790.2901886,doi:10.1145/2901790.2901886,HCI,DIS,theory,Fantibles: Capturing Cricket Fan's Story in 3D,2016,0,1,1,1,56.0,58.0,https://dl.acm.org/doi/10.1145/2901790.2901886,1.0,1.0,0.0,0.0,0.0,0.0,1.0,1.0,0.0,0.0,0.0,0.0,0.0,0.0,0.0,0.0,0.0,0.0,0.0,0.0,0.0,0.0,0.0,0.0,1.0,1.0,0.0,0.0,0.0,0.0,1.0,1.0,1.0,1.0,0.0,0.0,0.0,0.0,0.0,0.0,0.0,0.0,0.0,0.0,1.0,1.0,0.0,0.0,1.0,1.0,0.0,0.0,0.0,0.0,0.0,0.0,1.0,1.0,0.0,0.0,0.0,0.0,1.0,1.0,0.0,0.0,1.0,1.0,1
8,https://ieeexplore.ieee.org/document/9233460,ieee:9233460,VIS,IEEE TVCG,application+system,Chemicals in the Creek: designing a situated data physicalization of open government data with the community,2020,1,1,1,1,57.0,59.0,https://ieeexplore.ieee.org/document/9233460,0.0,0.0,0.0,0.0,1.0,1.0,0.0,0.0,1.0,1.0,0.0,0.0,0.0,0.0,0.0,0.0,0.0,0.0,0.0,0.0,0.0,0.0,0.0,0.0,0.0,0.0,1.0,1.0,0.0,0.0,1.0,1.0,0.0,0.0,0.0,0.0,1.0,1.0,0.0,0.0,0.0,0.0,0.0,0.0,1.0,1.0,0.0,0.0,1.0,1.0,0.0,0.0,0.0,0.0,0.0,0.0,0.0,0.0,1.0,0.0,1.0,0.0,1.0,1.0,0.0,0.0,1.0,1.0,1
9,https://dl.acm.org/doi/10.1145/3411764.3445551,doi:10.1145/3411764.3445551,HCI,CHI,application+system,Documented: Embedding Information onto and Retrieving Information from 3D Printed Objects,2021,1,1,1,1,58.0,60.0,https://dl.acm.org/doi/10.1145/3411764.3445551,1.0,1.0,0.0,0.0,0.0,0.0,0.0,0.0,0.0,0.0,0.0,0.0,0.0,0.0,0.0,0.0,0.0,0.0,1.0,1.0,0.0,0.0,0.0,0.0,1.0,1.0,0.0,0.0,0.0,0.0,0.0,0.0,1.0,1.0,1.0,1.0,1.0,1.0,0.0,0.0,0.0,0.0,0.0,0.0,1.0,1.0,0.0,0.0,1.0,1.0,0.0,0.0,0.0,0.0,0.0,0.0,1.0,1.0,0.0,0.0,0.0,0.0,0.0,0.0,1.0,1.0,0.0,0.0,1
10,https://dl.acm.org/doi/10.1145/3322276.3323694,doi:10.1145/3322276.3323694,HCI,DIS,technique+algorithm,ListeningCups: A Case of Data Tactility and Data Stories,2019,0,1,1,1,59.0,61.0,https://dl.acm.org/doi/10.1145/3322276.3323694,1.0,1.0,0.0,0.0,0.0,0.0,0.0,0.0,0.0,0.0,1.0,1.0,0.0,0.0,0.0,0.0,0.0,0.0,0.0,0.0,0.0,0.0,0.0,0.0,1.0,1.0,0.0,0.0,0.0,0.0,1.0,1.0,1.0,1.0,0.0,0.0,1.0,1.0,0.0,0.0,0.0,0.0,0.0,0.0,1.0,1.0,0.0,0.0,0.0,0.0,1.0,1.0,0.0,0.0,0.0,0.0,1.0,1.0,0.0,0.0,0.0,0.0,1.0,1.0,1.0,1.0,0.0,0.0,1
11,https://ieeexplore.ieee.org/document/8440836,ieee:8440836,VIS,IEEE TVCG,technique+algorithm,Dynamic Composite Data Physicalization Using Wheeled Micro-Robots,2018,1,0,1,1,61.0,63.0,https://ieeexplore.ieee.org/document/8440836,0.0,0.0,1.0,1.0,0.0,0.0,0.0,0.0,0.0,0.0,0.0,0.0,0.0,0.0,0.0,0.0,0.0,0.0,1.0,1.0,0.0,0.0,0.0,0.0,1.0,1.0,0.0,0.0,1.0,0.0,1.0,0.0,0.0,0.0,1.0,1.0,0.0,0.0,1.0,1.0,0.0,0.0,0.0,0.0,1.0,1.0,0.0,0.0,1.0,1.0,1.0,0.0,0.0,0.0,0.0,0.0,1.0,1.0,0.0,0.0,0.0,0.0,1.0,1.0,0.0,0.0,0.0,0.0,1
12,https://dl.acm.org/doi/10.1145/3025453.3025980,doi:10.1145/3025453.3025980,HCI,CHI,application+system,EdiPulse: Investigating a Playful Approach to Self-monitoring through 3D Printed Chocolate Treats,2017,1,1,1,1,62.0,64.0,https://dl.acm.org/doi/10.1145/3025453.3025980,1.0,1.0,0.0,0.0,0.0,0.0,0.0,0.0,0.0,0.0,1.0,1.0,0.0,0.0,0.0,0.0,0.0,0.0,0.0,0.0,0.0,0.0,0.0,0.0,1.0,1.0,0.0,0.0,0.0,0.0,0.0,0.0,1.0,1.0,0.0,0.0,1.0,1.0,0.0,0.0,0.0,0.0,0.0,0.0,1.0,1.0,0.0,0.0,1.0,1.0,0.0,0.0,0.0,0.0,0.0,0.0,1.0,0.0,1.0,0.0,0.0,0.0,1.0,1.0,1.0,0.0,1.0,0.0,1
13,https://dl.acm.org/doi/10.1145/2901790.2901885,doi:10.1145/2901790.2901885,HCI,CHI,application+system,Skintillates: Designing and Creating Epidermal Interactions,2016,0,1,0,1,63.0,65.0,https://dl.acm.org/doi/10.1145/2901790.2901885,1.0,1.0,0.0,0.0,0.0,0.0,1.0,0.0,0.0,0.0,1.0,1.0,0.0,0.0,0.0,0.0,0.0,0.0,0.0,0.0,0.0,0.0,0.0,0.0,1.0,1.0,0.0,0.0,0.0,0.0,1.0,1.0,0.0,0.0,1.0,1.0,1.0,1.0,0.0,0.0,0.0,0.0,1.0,1.0,0.0,0.0,0.0,0.0,1.0,1.0,0.0,0.0,0.0,0.0,0.0,0.0,0.0,0.0,1.0,1.0,0.0,0.0,1.0,1.0,1.0,0.0,0.0,0.0,1
14,https://dl.acm.org/doi/10.1145/3173574.3174005,doi:10.1145/3173574.3174005,HCI,CHI,theory,Tensions of Data-Driven Reflection: A Case Study of Real-Time Emotional Biosensing,2018,1,1,1,1,64.0,66.0,https://dl.acm.org/doi/10.1145/3173574.3174005,1.0,1.0,0.0,0.0,0.0,0.0,0.0,0.0,0.0,0.0,1.0,1.0,0.0,0.0,0.0,0.0,0.0,0.0,0.0,0.0,0.0,0.0,0.0,0.0,1.0,1.0,0.0,0.0,0.0,0.0,1.0,1.0,0.0,0.0,1.0,1.0,1.0,1.0,0.0,0.0,0.0,0.0,1.0,1.0,0.0,0.0,0.0,0.0,1.0,1.0,1.0,0.0,0.0,0.0,0.0,0.0,1.0,1.0,0.0,0.0,0.0,0.0,1.0,1.0,0.0,0.0,1.0,0.0,1
15,https://dl.acm.org/doi/10.1145/3382507.3418848,doi:10.1145/3382507.3418848,HCI,CHI,application+system,PiHearts: Resonating Experiences of Self and Others Enabled by a Tangible Somaesthetic Design,2020,1,1,1,1,65.0,67.0,https://dl.acm.org/doi/10.1145/3382507.3418848,0.0,0.0,0.0,0.0,1.0,1.0,0.0,0.0,0.0,0.0,1.0,1.0,0.0,0.0,0.0,0.0,0.0,0.0,0.0,0.0,0.0,0.0,0.0,0.0,1.0,1.0,0.0,0.0,0.0,0.0,0.0,0.0,1.0,0.0,0.0,0.0,1.0,1.0,1.0,1.0,0.0,0.0,1.0,1.0,0.0,0.0,0.0,0.0,0.0,0.0,1.0,1.0,0.0,0.0,0.0,0.0,0.0,0.0,1.0,1.0,0.0,0.0,0.0,0.0,1.0,1.0,0.0,0.0,1
16,https://dl.acm.org/doi/10.1145/3399715.3399743,doi:10.1145/3399715.3399743,HCI,CHI,application+system,Corsican Twin: Authoring In Situ Augmented Reality Visualisations in Virtual Reality,2020,1,1,1,1,66.0,68.0,https://dl.acm.org/doi/10.1145/3399715.3399743,0.0,0.0,1.0,1.0,0.0,0.0,0.0,0.0,0.0,0.0,0.0,0.0,0.0,0.0,0.0,0.0,1.0,1.0,0.0,0.0,1.0,1.0,0.0,0.0,0.0,0.0,0.0,0.0,0.0,0.0,1.0,1.0,0.0,0.0,1.0,1.0,1.0,1.0,1.0,1.0,1.0,1.0,0.0,0.0,0.0,0.0,0.0,0.0,1.0,1.0,0.0,0.0,0.0,0.0,0.0,0.0,0.0,0.0,0.0,0.0,1.0,1.0,0.0,0.0,1.0,0.0,1.0,1.0,1
17,https://ieeexplore.ieee.org/document/6344490,ieee:6344490,VIS,IEEE VAST,application+system,Informing the design of situated glyphs for a care facility,2012,1,1,1,1,67.0,69.0,https://ieeexplore.ieee.org/document/6344490,0.0,0.0,1.0,1.0,0.0,0.0,0.0,0.0,0.0,0.0,1.0,1.0,0.0,0.0,0.0,0.0,0.0,0.0,0.0,0.0,0.0,0.0,0.0,0.0,1.0,1.0,0.0,0.0,0.0,0.0,1.0,1.0,0.0,0.0,0.0,0.0,0.0,0.0,0.0,0.0,1.0,1.0,0.0,0.0,0.0,0.0,0.0,0.0,1.0,1.0,0.0,0.0,0.0,0.0,0.0,0.0,0.0,0.0,0.0,0.0,1.0,1.0,1.0,0.0,0.0,0.0,1.0,1.0,1
18,https://dl.acm.org/doi/10.1145/3064663.3064794,doi:10.1145/3064663.3064794,HCI,DIS,application+system,"Cairn: A Tangible Apparatus for Situated Data Collection, Visualization and Analysis",2017,1,1,1,1,68.0,70.0,https://dl.acm.org/doi/10.1145/3064663.3064794,0.0,0.0,1.0,1.0,0.0,0.0,0.0,0.0,0.0,0.0,0.0,0.0,0.0,0.0,0.0,0.0,0.0,0.0,1.0,1.0,0.0,0.0,1.0,1.0,0.0,0.0,1.0,1.0,0.0,0.0,0.0,0.0,1.0,1.0,1.0,1.0,1.0,1.0,0.0,0.0,0.0,0.0,1.0,1.0,0.0,0.0,0.0,0.0,1.0,1.0,1.0,1.0,0.0,0.0,0.0,0.0,0.0,0.0,1.0,1.0,0.0,0.0,1.0,1.0,0.0,0.0,1.0,1.0,1
19,https://ieeexplore.ieee.org/document/8781563,ieee:8781563,VIS,IEEE VIS,theory,"Defamiliarization, Representation Granularity, and User Experience: A Qualitative Study with Two Situated Visualizations",2019,1,1,1,1,96.0,98.0,https://ieeexplore.ieee.org/document/8781563,0.0,0.0,1.0,1.0,0.0,0.0,0.0,0.0,0.0,0.0,1.0,1.0,0.0,0.0,0.0,0.0,0.0,0.0,0.0,0.0,0.0,0.0,0.0,0.0,1.0,1.0,0.0,0.0,0.0,0.0,1.0,1.0,0.0,0.0,0.0,0.0,0.0,0.0,0.0,0.0,1.0,1.0,0.0,0.0,0.0,0.0,0.0,0.0,1.0,1.0,0.0,0.0,0.0,0.0,0.0,0.0,0.0,0.0,1.0,1.0,0.0,0.0,1.0,1.0,0.0,0.0,1.0,1.0,1
20,https://dl.acm.org/doi/10.1145/3240167.3240206,doi:10.1145/3240167.3240206,HCI,CHI,application+system,Conveying a civic issue through data via spatially distributed public visualization and polling displays,2018,1,1,1,1,97.0,99.0,https://dl.acm.org/doi/10.1145/3240167.3240206,0.0,0.0,0.0,0.0,1.0,1.0,0.0,0.0,0.0,0.0,0.0,0.0,0.0,0.0,1.0,1.0,0.0,0.0,0.0,0.0,0.0,0.0,0.0,0.0,1.0,1.0,0.0,0.0,0.0,0.0,1.0,1.0,0.0,0.0,0.0,0.0,0.0,0.0,0.0,0.0,1.0,1.0,0.0,0.0,0.0,0.0,0.0,0.0,1.0,1.0,0.0,0.0,0.0,0.0,0.0,0.0,0.0,0.0,1.0,1.0,0.0,0.0,1.0,1.0,0.0,0.0,1.0,1.0,1
21,https://dl.acm.org/doi/10.1145/3357236.3395442,doi:10.1145/3357236.3395442,HCI,DIS,application+system,Entangling the Roles of Maker and Interpreter in Interpersonal Data Narratives: Explorations in Yarn and Sound,2020,0,1,1,1,98.0,100.0,https://dl.acm.org/doi/10.1145/3357236.3395442,1.0,1.0,0.0,0.0,0.0,0.0,0.0,0.0,0.0,0.0,1.0,1.0,0.0,0.0,0.0,0.0,0.0,0.0,0.0,0.0,0.0,0.0,0.0,0.0,1.0,1.0,0.0,0.0,0.0,0.0,0.0,0.0,0.0,0.0,0.0,0.0,1.0,1.0,0.0,0.0,0.0,0.0,0.0,0.0,1.0,1.0,0.0,0.0,1.0,1.0,1.0,0.0,0.0,0.0,0.0,0.0,1.0,1.0,0.0,0.0,0.0,0.0,1.0,1.0,0.0,0.0,1.0,1.0,1
22,https://dl.acm.org/doi/10.1145/3290605.3300614,doi:10.1145/3290605.3300614,HCI,CHI,application+system,Bookly: An Interactive Everyday Artifact Showing the Time of Physically Accumulated Reading Activity,2019,1,1,1,1,99.0,101.0,https://dl.acm.org/doi/10.1145/3290605.3300614,1.0,1.0,0.0,0.0,0.0,0.0,0.0,0.0,0.0,0.0,1.0,1.0,0.0,0.0,0.0,0.0,0.0,0.0,0.0,0.0,0.0,0.0,0.0,0.0,1.0,1.0,0.0,0.0,0.0,0.0,0.0,0.0,1.0,1.0,0.0,0.0,1.0,1.0,1.0,1.0,0.0,0.0,1.0,1.0,0.0,0.0,0.0,0.0,1.0,1.0,0.0,0.0,0.0,0.0,0.0,0.0,0.0,0.0,1.0,1.0,0.0,0.0,1.0,0.0,0.0,0.0,1.0,0.0,1
23,https://dl.acm.org/doi/10.1145/3357236.3395439,doi:10.1145/3357236.3395439,HCI,DIS,application+system,DayClo: An Everyday Table Clock Providing Interaction with Personal Schedule Data for Self-reflection,2020,1,1,1,1,100.0,102.0,https://dl.acm.org/doi/10.1145/3357236.3395439,1.0,1.0,0.0,0.0,0.0,0.0,0.0,0.0,0.0,0.0,1.0,1.0,0.0,0.0,0.0,0.0,0.0,0.0,0.0,0.0,0.0,0.0,0.0,0.0,1.0,1.0,0.0,0.0,0.0,0.0,1.0,1.0,1.0,1.0,0.0,0.0,1.0,1.0,0.0,0.0,0.0,0.0,1.0,1.0,0.0,0.0,0.0,0.0,1.0,1.0,1.0,1.0,0.0,0.0,0.0,0.0,1.0,1.0,0.0,0.0,0.0,0.0,1.0,1.0,1.0,0.0,1.0,0.0,1
24,https://dl.acm.org/doi/10.1145/3411764.3445506,doi:10.1145/3411764.3445506,HCI,CHI,application+system,Making Sense of Complex Running Metrics Using a Modified Running Shoe,2021,1,1,1,1,101.0,103.0,https://dl.acm.org/doi/10.1145/3411764.3445506,1.0,1.0,0.0,0.0,0.0,0.0,1.0,1.0,0.0,0.0,0.0,0.0,0.0,0.0,0.0,0.0,0.0,0.0,0.0,0.0,0.0,0.0,0.0,0.0,1.0,1.0,0.0,0.0,0.0,0.0,1.0,1.0,0.0,0.0,0.0,0.0,1.0,1.0,1.0,1.0,0.0,0.0,1.0,1.0,0.0,0.0,0.0,0.0,1.0,1.0,0.0,0.0,0.0,0.0,0.0,0.0,1.0,1.0,0.0,0.0,0.0,0.0,1.0,1.0,1.0,0.0,1.0,0.0,1
25,https://dl.acm.org/doi/10.1145/3411764.3445440,doi:10.1145/3411764.3445440,HCI,CHI,application+system,ADIO: An Interactive Artifact Physically Representing the Intangible Digital Audiobook Listening Experience in Everyday Living Spaces,2021,1,1,1,1,102.0,104.0,https://dl.acm.org/doi/10.1145/3411764.3445440,1.0,1.0,0.0,0.0,0.0,0.0,1.0,1.0,0.0,0.0,0.0,0.0,0.0,0.0,0.0,0.0,0.0,0.0,0.0,0.0,0.0,0.0,0.0,0.0,1.0,1.0,0.0,0.0,0.0,0.0,1.0,1.0,0.0,0.0,0.0,0.0,1.0,1.0,1.0,1.0,0.0,0.0,1.0,1.0,0.0,0.0,0.0,0.0,1.0,1.0,0.0,0.0,0.0,0.0,0.0,0.0,1.0,1.0,0.0,0.0,0.0,0.0,0.0,0.0,1.0,0.0,1.0,0.0,1
26,https://dl.acm.org/doi/10.1145/3419249.3420173,doi:10.1145/3419249.3420173,HCI,CHI,application+system,Motiis: Fostering Parents’ Awareness of their Adolescents Emotional Experiences during Gaming,2020,1,1,1,1,103.0,105.0,https://dl.acm.org/doi/10.1145/3419249.3420173,1.0,0.0,1.0,0.0,0.0,0.0,1.0,1.0,0.0,0.0,0.0,0.0,0.0,0.0,0.0,0.0,0.0,0.0,0.0,0.0,0.0,0.0,0.0,0.0,1.0,1.0,0.0,0.0,1.0,1.0,1.0,1.0,0.0,0.0,1.0,1.0,1.0,1.0,0.0,0.0,0.0,0.0,1.0,1.0,0.0,0.0,0.0,0.0,1.0,1.0,1.0,1.0,0.0,0.0,0.0,0.0,1.0,1.0,0.0,0.0,0.0,0.0,1.0,0.0,0.0,0.0,1.0,1.0,1
27,https://dl.acm.org/doi/10.1145/3461778.3462041,doi:10.1145/3461778.3462041,HCI,DIS,technique+algorithm,Laina: Dynamic Data Physicalization for Slow Exercising Feedback,2021,1,1,1,1,104.0,106.0,https://dl.acm.org/doi/10.1145/3461778.3462041,1.0,1.0,0.0,0.0,0.0,0.0,1.0,1.0,0.0,0.0,0.0,0.0,0.0,0.0,0.0,0.0,0.0,0.0,0.0,0.0,0.0,0.0,0.0,0.0,1.0,0.0,1.0,0.0,0.0,0.0,0.0,0.0,1.0,1.0,1.0,1.0,1.0,1.0,1.0,1.0,0.0,0.0,1.0,1.0,0.0,0.0,0.0,0.0,1.0,1.0,0.0,0.0,1.0,1.0,0.0,0.0,1.0,0.0,1.0,0.0,0.0,0.0,1.0,1.0,0.0,0.0,1.0,1.0,1
28,https://dl.acm.org/doi/10.1145/3078810.3078826,doi:10.1145/3078810.3078826,HCI,DIS,application+system,Exploring Spatial Meaning with a Tangible Map,2017,1,1,1,1,105.0,107.0,https://dl.acm.org/doi/10.1145/3078810.3078826,0.0,0.0,0.0,0.0,1.0,1.0,0.0,0.0,1.0,1.0,0.0,0.0,0.0,0.0,0.0,0.0,0.0,0.0,0.0,0.0,0.0,0.0,0.0,0.0,0.0,0.0,1.0,1.0,1.0,1.0,1.0,1.0,0.0,0.0,0.0,0.0,1.0,1.0,0.0,0.0,0.0,0.0,0.0,0.0,1.0,1.0,0.0,0.0,1.0,1.0,1.0,1.0,0.0,0.0,0.0,0.0,0.0,0.0,1.0,1.0,0.0,0.0,0.0,0.0,1.0,1.0,1.0,1.0,1
29,https://www.tandfonline.com/doi/full/10.3109/10929080601169930,doi:10.3109/10929080601169930,other,Computer Aided Surgery,technique+algorithm,MRI image overlay: Application to arthrography needle insertion,2010,0,1,0,0,150.0,152.0,https://www.tandfonline.com/doi/full/10.3109/10929080601169930,0.0,0.0,1.0,1.0,0.0,0.0,0.0,0.0,0.0,0.0,1.0,1.0,0.0,0.0,0.0,0.0,0.0,0.0,0.0,0.0,0.0,0.0,0.0,0.0,0.0,0.0,1.0,1.0,1.0,0.0,1.0,0.0,0.0,0.0,1.0,1.0,0.0,0.0,1.0,1.0,1.0,1.0,0.0,0.0,0.0,0.0,0.0,0.0,1.0,1.0,0.0,0.0,0.0,0.0,0.0,0.0,0.0,0.0,0.0,0.0,1.0,1.0,0.0,0.0,1.0,0.0,1.0,1.0,1
30,https://dl.acm.org/doi/10.1145/1013115.1013145,doi:10.1145/1013115.1013145,HCI,DIS,application+system,Infotropism: Living and Robotic Plants as Interactive Displays,2004,1,1,0,1,151.0,153.0,https://dl.acm.org/doi/10.1145/1013115.1013145,0.0,0.0,0.0,0.0,1.0,1.0,0.0,0.0,1.0,1.0,0.0,0.0,0.0,0.0,0.0,0.0,0.0,0.0,0.0,0.0,0.0,0.0,0.0,0.0,0.0,0.0,1.0,1.0,1.0,0.0,1.0,0.0,0.0,0.0,1.0,0.0,1.0,1.0,0.0,0.0,1.0,1.0,0.0,0.0,0.0,0.0,0.0,0.0,1.0,1.0,0.0,0.0,0.0,0.0,0.0,0.0,0.0,0.0,1.0,1.0,0.0,0.0,0.0,0.0,1.0,0.0,1.0,1.0,1
31,https://dl.acm.org/doi/10.1145/1015706.1015738,doi:10.1145/1015706.1015738,Computer science,TOG,technique+algorithm,RFIG Lamps: Interacting with a Self-Describing World via Photosensing Wireless Tags and Projectors,2004,0,1,0,1,152.0,154.0,https://dl.acm.org/doi/10.1145/1015706.1015738,1.0,1.0,1.0,1.0,0.0,0.0,0.0,0.0,0.0,0.0,0.0,0.0,0.0,0.0,0.0,0.0,0.0,0.0,1.0,1.0,1.0,1.0,0.0,0.0,0.0,0.0,0.0,0.0,0.0,0.0,1.0,1.0,0.0,0.0,1.0,1.0,0.0,0.0,0.0,0.0,1.0,1.0,0.0,0.0,0.0,0.0,0.0,0.0,1.0,1.0,0.0,0.0,0.0,0.0,0.0,0.0,0.0,0.0,1.0,0.0,1.0,0.0,0.0,0.0,0.0,0.0,1.0,1.0,1
32,https://www.researchgate.net/publication/268183130_Augmented_Reality_for_Urban_Simulation_Visualization,https://www.researchgate.net/publication/268183130_augmented_reality_for_urban_simulation_visualization,Computer science,IMFOCOMP,technique+algorithm,Augmented Reality for Urban Simulation Visualization,2011,0,0,1,1,153.0,155.0,https://www.researchgate.net/publication/268183130_Augmented_Reality_for_Urban_Simulation_Visualization,0.0,0.0,0.0,0.0,1.0,1.0,0.0,0.0,1.0,1.0,0.0,0.0,0.0,0.0,0.0,0.0,0.0,0.0,0.0,0.0,1.0,1.0,0.0,0.0,0.0,0.0,0.0,0.0,1.0,1.0,1.0,1.0,0.0,0.0,0.0,0.0,1.0,1.0,0.0,0.0,1.0,1.0,0.0,0.0,0.0,0.0,0.0,0.0,1.0,1.0,0.0,0.0,0.0,0.0,0.0,0.0,0.0,0.0,0.0,0.0,1.0,1.0,1.0,1.0,1.0,0.0,1.0,0.0,1
33,https://dl.acm.org/doi/10.1145/2702123.2702558,doi:10.1145/2702123.2702558,HCI,CHI,theory,Data-in-Place: Thinking through the Relations Between Data and Community,2015,0,0,1,1,154.0,156.0,https://dl.acm.org/doi/10.1145/2702123.2702558,0.0,0.0,0.0,0.0,1.0,1.0,0.0,0.0,1.0,1.0,0.0,0.0,0.0,0.0,0.0,0.0,0.0,0.0,0.0,0.0,0.0,0.0,0.0,0.0,1.0,1.0,0.0,0.0,0.0,0.0,1.0,1.0,0.0,0.0,0.0,0.0,1.0,1.0,1.0,1.0,0.0,0.0,0.0,0.0,1.0,1.0,0.0,0.0,1.0,1.0,0.0,0.0,0.0,0.0,0.0,0.0,0.0,0.0,1.0,0.0,1.0,0.0,1.0,1.0,0.0,0.0,1.0,1.0,1
34,https://dl.acm.org/doi/10.1145/1518701.1518871,doi:10.1145/1518701.1518871,HCI,CHI,application+system,SiteLens: Situated Visualization Techniques for Urban Site Visits,2009,1,1,1,1,155.0,157.0,https://dl.acm.org/doi/10.1145/1518701.1518871,0.0,0.0,1.0,1.0,0.0,0.0,0.0,0.0,1.0,1.0,0.0,0.0,0.0,0.0,0.0,0.0,0.0,0.0,0.0,0.0,1.0,1.0,0.0,0.0,0.0,0.0,0.0,0.0,0.0,0.0,1.0,1.0,0.0,0.0,1.0,1.0,1.0,1.0,1.0,1.0,0.0,0.0,0.0,0.0,1.0,1.0,0.0,0.0,1.0,1.0,0.0,0.0,0.0,0.0,0.0,0.0,0.0,0.0,1.0,0.0,1.0,0.0,1.0,1.0,0.0,0.0,1.0,1.0,1
35,https://repository.isls.org/handle/1/8805,https://repository.isls.org/handle/1/8805,Sociology,International Society of the Learning Sciences,theory,Dancing with data: Embodying the numerical and humanistic sides of data,2022,0,0,1,1,156.0,158.0,https://repository.isls.org/handle/1/8805,0.0,0.0,1.0,1.0,0.0,0.0,0.0,0.0,0.0,0.0,0.0,0.0,0.0,0.0,0.0,0.0,0.0,0.0,1.0,1.0,0.0,0.0,1.0,1.0,0.0,0.0,0.0,0.0,0.0,0.0,0.0,0.0,1.0,0.0,1.0,1.0,1.0,1.0,0.0,0.0,0.0,0.0,1.0,1.0,0.0,0.0,0.0,0.0,0.0,0.0,1.0,1.0,0.0,0.0,0.0,0.0,0.0,0.0,0.0,0.0,1.0,1.0,0.0,0.0,1.0,1.0,0.0,0.0,1
36,https://tangible.media.mit.edu/project/relief/,https://tangible.media.mit.edu/project/relief,HCI,UIST,technique+algorithm,Direct and gestural interaction with relief: a 2.5D shape display,2011,1,1,0,1,157.0,159.0,https://tangible.media.mit.edu/project/relief/,1.0,1.0,0.0,0.0,0.0,0.0,0.0,0.0,1.0,1.0,0.0,0.0,0.0,0.0,0.0,0.0,0.0,0.0,0.0,0.0,1.0,1.0,0.0,0.0,0.0,0.0,1.0,1.0,1.0,1.0,1.0,1.0,0.0,0.0,1.0,1.0,1.0,1.0,0.0,0.0,1.0,1.0,0.0,0.0,0.0,0.0,0.0,0.0,1.0,1.0,1.0,1.0,0.0,0.0,0.0,0.0,0.0,0.0,1.0,1.0,0.0,0.0,0.0,0.0,1.0,0.0,1.0,1.0,1
37,https://dl.acm.org/doi/10.1145/1180639.1180870,doi:10.1145/1180639.1180870,Computer science,MM,technique+algorithm,GORI.Node Garden,2006,0,1,1,1,158.0,160.0,https://dl.acm.org/doi/10.1145/1180639.1180870,0.0,0.0,0.0,0.0,1.0,1.0,0.0,0.0,0.0,0.0,0.0,0.0,0.0,0.0,1.0,1.0,0.0,0.0,0.0,0.0,0.0,0.0,0.0,0.0,0.0,0.0,1.0,1.0,0.0,0.0,0.0,0.0,0.0,0.0,1.0,1.0,1.0,1.0,0.0,0.0,0.0,0.0,1.0,1.0,0.0,0.0,0.0,0.0,1.0,1.0,0.0,0.0,0.0,0.0,0.0,0.0,1.0,0.0,1.0,0.0,0.0,0.0,1.0,1.0,1.0,1.0,0.0,0.0,1
38,https://www.sculpting-vis.org/AR-VR.html,https://www.sculpting-vis.org/ar-vr.html,HCI,ACM HCI?TOCHI?,technique+algorithm,Multi-Touch Querying on Data Physicalizations in Immersive AR,2021,0,1,0,1,162.0,164.0,https://www.sculpting-vis.org/AR-VR.html,1.0,1.0,1.0,1.0,0.0,0.0,0.0,0.0,0.0,0.0,0.0,0.0,0.0,0.0,0.0,0.0,0.0,0.0,1.0,1.0,1.0,1.0,0.0,0.0,0.0,0.0,1.0,1.0,0.0,0.0,1.0,1.0,0.0,0.0,1.0,1.0,0.0,0.0,1.0,1.0,0.0,0.0,1.0,1.0,0.0,0.0,0.0,0.0,1.0,1.0,1.0,1.0,0.0,0.0,0.0,0.0,0.0,0.0,1.0,1.0,0.0,0.0,0.0,0.0,1.0,0.0,1.0,1.0,1
39,https://dl.acm.org/doi/10.1145/3064663.3064729,doi:10.1145/3064663.3064729,HCI,DIS,technique+algorithm,StressTree: a Metaphorical Visualization for Biofeedbackassisted Stress Management,2017,0,1,1,1,164.0,166.0,https://dl.acm.org/doi/10.1145/3064663.3064729,1.0,1.0,0.0,0.0,0.0,0.0,0.0,0.0,0.0,0.0,1.0,1.0,0.0,0.0,0.0,0.0,0.0,0.0,0.0,0.0,0.0,0.0,0.0,0.0,0.0,0.0,1.0,1.0,0.0,0.0,1.0,1.0,0.0,0.0,0.0,0.0,1.0,1.0,0.0,0.0,0.0,0.0,1.0,1.0,0.0,0.0,0.0,0.0,1.0,1.0,0.0,0.0,0.0,0.0,0.0,0.0,0.0,0.0,0.0,0.0,1.0,1.0,0.0,0.0,1.0,1.0,1.0,1.0,1
40,https://ieeexplore.ieee.org/stamp/stamp.jsp?tp=&arnumber=9975759,ieee:9975759,VIS,IEEE VIS,application+system,ESSYS* Sharing #UC: An Emotion-driven Audiovisual Installation,2021,1,1,1,1,165.0,167.0,https://ieeexplore.ieee.org/stamp/stamp.jsp?tp=&arnumber=9975759,0.0,0.0,0.0,0.0,1.0,1.0,0.0,0.0,0.0,0.0,0.0,0.0,0.0,0.0,1.0,1.0,0.0,0.0,0.0,0.0,0.0,0.0,0.0,0.0,0.0,0.0,0.0,0.0,0.0,0.0,1.0,1.0,0.0,0.0,0.0,0.0,1.0,1.0,0.0,0.0,0.0,0.0,0.0,0.0,1.0,1.0,0.0,0.0,1.0,1.0,0.0,0.0,0.0,0.0,0.0,0.0,1.0,0.0,1.0,0.0,0.0,0.0,0.0,0.0,1.0,0.0,1.0,1.0,1
41,https://ieeexplore.ieee.org/document/9201404,ieee:9201404,Computer science,IEEE CGA,application+system,Move&Find: The Value of Kinaesthetic Experience in a Casual Data Representation,2020,1,1,1,1,171.0,173.0,https://ieeexplore.ieee.org/document/9201404,1.0,1.0,0.0,0.0,0.0,0.0,0.0,0.0,0.0,0.0,1.0,1.0,0.0,0.0,0.0,0.0,0.0,0.0,0.0,0.0,0.0,0.0,1.0,1.0,0.0,0.0,0.0,0.0,0.0,0.0,1.0,1.0,0.0,0.0,1.0,1.0,1.0,1.0,0.0,0.0,0.0,0.0,0.0,0.0,1.0,1.0,0.0,0.0,0.0,0.0,1.0,1.0,0.0,0.0,0.0,0.0,0.0,0.0,1.0,1.0,0.0,0.0,0.0,0.0,1.0,0.0,1.0,1.0,1
42,https://dl.acm.org/doi/10.1145/2470654.2470673,doi:10.1145/2470654.2470673,HCI,CHI,theory,A Conversation Between Trees: What Data Feels Like In The Forest,2013,1,1,1,1,176.0,178.0,https://dl.acm.org/doi/10.1145/2470654.2470673,1.0,1.0,0.0,0.0,1.0,1.0,0.0,0.0,1.0,1.0,0.0,0.0,0.0,0.0,0.0,0.0,0.0,0.0,0.0,0.0,1.0,1.0,0.0,0.0,1.0,1.0,0.0,0.0,0.0,0.0,1.0,1.0,0.0,0.0,1.0,1.0,1.0,1.0,0.0,0.0,1.0,1.0,0.0,0.0,0.0,0.0,0.0,0.0,1.0,1.0,0.0,0.0,0.0,0.0,0.0,0.0,1.0,0.0,0.0,0.0,1.0,0.0,1.0,1.0,0.0,0.0,1.0,1.0,1
43,https://dl.acm.org/doi/10.1145/2030112.2030145,doi:10.1145/2030112.2030145,HCI,Ubicomp,technique+algorithm,"Red balloon, green balloon, sensors in the sky",2011,1,1,0,1,177.0,179.0,https://dl.acm.org/doi/10.1145/2030112.2030145,0.0,0.0,0.0,0.0,1.0,1.0,0.0,0.0,1.0,1.0,0.0,0.0,0.0,0.0,0.0,0.0,0.0,0.0,0.0,0.0,0.0,0.0,0.0,0.0,0.0,0.0,1.0,1.0,0.0,0.0,1.0,1.0,0.0,0.0,1.0,1.0,1.0,1.0,0.0,0.0,1.0,1.0,0.0,0.0,0.0,0.0,0.0,0.0,1.0,1.0,1.0,0.0,0.0,0.0,0.0,0.0,0.0,0.0,1.0,0.0,1.0,0.0,1.0,1.0,0.0,0.0,1.0,0.0,1
44,https://visap.uic.edu/2014/papers/03_Claes_PublicVisualizationStreetArt_VISAP2014.pdf,https://visap.uic.edu/2014/papers/03_claes_publicvisualizationstreetart_visap2014.pdf,VIS,IEEE VISAP,application+system,What Public Visualization Can Learn from Street Art,2014,1,1,0,1,178.0,180.0,https://visap.uic.edu/2014/papers/03_Claes_PublicVisualizationStreetArt_VISAP2014.pdf,0.0,0.0,0.0,0.0,1.0,1.0,0.0,0.0,0.0,0.0,0.0,0.0,0.0,0.0,1.0,1.0,0.0,0.0,0.0,0.0,0.0,0.0,0.0,0.0,0.0,0.0,1.0,1.0,0.0,0.0,1.0,1.0,0.0,0.0,0.0,0.0,0.0,0.0,0.0,0.0,0.0,0.0,0.0,0.0,1.0,1.0,0.0,0.0,1.0,1.0,0.0,0.0,0.0,0.0,0.0,0.0,0.0,0.0,1.0,0.0,1.0,0.0,1.0,1.0,0.0,0.0,1.0,0.0,1
44,https://visap.uic.edu/2014/papers/03_Claes_PublicVisualizationStreetArt_VISAP2014.pdf,https://visap.uic.edu/2014/papers/03_claes_publicvisualizationstreetart_visap2014.pdf,VIS,IEEE VISAP,application+system,What Public Visualization Can Learn from Street Art,2014,1,1,0,1,179.0,181.0,https://visap.uic.edu/2014/papers/03_Claes_PublicVisualizationStreetArt_VISAP2014.pdf,0.0,0.0,0.0,0.0,1.0,1.0,0.0,0.0,0.0,0.0,0.0,0.0,0.0,0.0,1.0,1.0,0.0,0.0,0.0,0.0,1.0,1.0,0.0,0.0,0.0,0.0,0.0,0.0,0.0,0.0,1.0,1.0,0.0,0.0,0.0,0.0,1.0,1.0,0.0,0.0,0.0,0.0,0.0,0.0,1.0,1.0,0.0,0.0,1.0,1.0,0.0,0.0,0.0,0.0,0.0,0.0,0.0,0.0,0.0,0.0,1.0,1.0,1.0,1.0,0.0,0.0,1.0,1.0,1
44,https://visap.uic.edu/2014/papers/03_Claes_PublicVisualizationStreetArt_VISAP2014.pdf,https://visap.uic.edu/2014/papers/03_claes_publicvisualizationstreetart_visap2014.pdf,VIS,IEEE VISAP,application+system,What Public Visualization Can Learn from Street Art,2014,1,1,0,1,180.0,182.0,https://visap.uic.edu/2014/papers/03_Claes_PublicVisualizationStreetArt_VISAP2014.pdf,0.0,0.0,0.0,0.0,1.0,1.0,0.0,0.0,0.0,0.0,0.0,0.0,0.0,0.0,1.0,1.0,0.0,0.0,0.0,0.0,0.0,0.0,0.0,0.0,0.0,0.0,1.0,1.0,1.0,0.0,1.0,1.0,0.0,0.0,1.0,1.0,1.0,1.0,0.0,0.0,0.0,0.0,0.0,0.0,1.0,1.0,0.0,0.0,1.0,1.0,0.0,0.0,0.0,0.0,0.0,0.0,0.0,0.0,1.0,0.0,1.0,0.0,1.0,1.0,0.0,0.0,0.0,0.0,1
45,https://visap.uic.edu/2014/papers/03_Claes_PublicVisualizationStreetArt_VISAP2014.pdf,https://visap.uic.edu/2014/papers/03_claes_publicvisualizationstreetart_visap2014.pdf,VIS,IEEE VISAP,application+system,What Public Visualization Can Learn from Street Art,2014,0,1,1,1,178.0,180.0,https://visap.uic.edu/2014/papers/03_Claes_PublicVisualizationStreetArt_VISAP2014.pdf,0.0,0.0,0.0,0.0,1.0,1.0,0.0,0.0,0.0,0.0,0.0,0.0,0.0,0.0,1.0,1.0,0.0,0.0,0.0,0.0,0.0,0.0,0.0,0.0,0.0,0.0,1.0,1.0,0.0,0.0,1.0,1.0,0.0,0.0,0.0,0.0,0.0,0.0,0.0,0.0,0.0,0.0,0.0,0.0,1.0,1.0,0.0,0.0,1.0,1.0,0.0,0.0,0.0,0.0,0.0,0.0,0.0,0.0,1.0,0.0,1.0,0.0,1.0,1.0,0.0,0.0,1.0,0.0,1
45,https://visap.uic.edu/2014/papers/03_Claes_PublicVisualizationStreetArt_VISAP2014.pdf,https://visap.uic.edu/2014/papers/03_claes_publicvisualizationstreetart_visap2014.pdf,VIS,IEEE VISAP,application+system,What Public Visualization Can Learn from Street Art,2014,0,1,1,1,179.0,181.0,https://visap.uic.edu/2014/papers/03_Claes_PublicVisualizationStreetArt_VISAP2014.pdf,0.0,0.0,0.0,0.0,1.0,1.0,0.0,0.0,0.0,0.0,0.0,0.0,0.0,0.0,1.0,1.0,0.0,0.0,0.0,0.0,1.0,1.0,0.0,0.0,0.0,0.0,0.0,0.0,0.0,0.0,1.0,1.0,0.0,0.0,0.0,0.0,1.0,1.0,0.0,0.0,0.0,0.0,0.0,0.0,1.0,1.0,0.0,0.0,1.0,1.0,0.0,0.0,0.0,0.0,0.0,0.0,0.0,0.0,0.0,0.0,1.0,1.0,1.0,1.0,0.0,0.0,1.0,1.0,1
45,https://visap.uic.edu/2014/papers/03_Claes_PublicVisualizationStreetArt_VISAP2014.pdf,https://visap.uic.edu/2014/papers/03_claes_publicvisualizationstreetart_visap2014.pdf,VIS,IEEE VISAP,application+system,What Public Visualization Can Learn from Street Art,2014,0,1,1,1,180.0,182.0,https://visap.uic.edu/2014/papers/03_Claes_PublicVisualizationStreetArt_VISAP2014.pdf,0.0,0.0,0.0,0.0,1.0,1.0,0.0,0.0,0.0,0.0,0.0,0.0,0.0,0.0,1.0,1.0,0.0,0.0,0.0,0.0,0.0,0.0,0.0,0.0,0.0,0.0,1.0,1.0,1.0,0.0,1.0,1.0,0.0,0.0,1.0,1.0,1.0,1.0,0.0,0.0,0.0,0.0,0.0,0.0,1.0,1.0,0.0,0.0,1.0,1.0,0.0,0.0,0.0,0.0,0.0,0.0,0.0,0.0,1.0,0.0,1.0,0.0,1.0,1.0,0.0,0.0,0.0,0.0,1
46,https://visap.uic.edu/2014/papers/03_Claes_PublicVisualizationStreetArt_VISAP2014.pdf,https://visap.uic.edu/2014/papers/03_claes_publicvisualizationstreetart_visap2014.pdf,VIS,IEEE VISAP,application+system,What Public Visualization Can Learn from Street Art,2014,1,1,0,1,178.0,180.0,https://visap.uic.edu/2014/papers/03_Claes_PublicVisualizationStreetArt_VISAP2014.pdf,0.0,0.0,0.0,0.0,1.0,1.0,0.0,0.0,0.0,0.0,0.0,0.0,0.0,0.0,1.0,1.0,0.0,0.0,0.0,0.0,0.0,0.0,0.0,0.0,0.0,0.0,1.0,1.0,0.0,0.0,1.0,1.0,0.0,0.0,0.0,0.0,0.0,0.0,0.0,0.0,0.0,0.0,0.0,0.0,1.0,1.0,0.0,0.0,1.0,1.0,0.0,0.0,0.0,0.0,0.0,0.0,0.0,0.0,1.0,0.0,1.0,0.0,1.0,1.0,0.0,0.0,1.0,0.0,1
46,https://visap.uic.edu/2014/papers/03_Claes_PublicVisualizationStreetArt_VISAP2014.pdf,https://visap.uic.edu/2014/papers/03_claes_publicvisualizationstreetart_visap2014.pdf,VIS,IEEE VISAP,application+system,What Public Visualization Can Learn from Street Art,2014,1,1,0,1,179.0,181.0,https://visap.uic.edu/2014/papers/03_Claes_PublicVisualizationStreetArt_VISAP2014.pdf,0.0,0.0,0.0,0.0,1.0,1.0,0.0,0.0,0.0,0.0,0.0,0.0,0.0,0.0,1.0,1.0,0.0,0.0,0.0,0.0,1.0,1.0,0.0,0.0,0.0,0.0,0.0,0.0,0.0,0.0,1.0,1.0,0.0,0.0,0.0,0.0,1.0,1.0,0.0,0.0,0.0,0.0,0.0,0.0,1.0,1.0,0.0,0.0,1.0,1.0,0.0,0.0,0.0,0.0,0.0,0.0,0.0,0.0,0.0,0.0,1.0,1.0,1.0,1.0,0.0,0.0,1.0,1.0,1
46,https://visap.uic.edu/2014/papers/03_Claes_PublicVisualizationStreetArt_VISAP2014.pdf,https://visap.uic.edu/2014/papers/03_claes_publicvisualizationstreetart_visap2014.pdf,VIS,IEEE VISAP,application+system,What Public Visualization Can Learn from Street Art,2014,1,1,0,1,180.0,182.0,https://visap.uic.edu/2014/papers/03_Claes_PublicVisualizationStreetArt_VISAP2014.pdf,0.0,0.0,0.0,0.0,1.0,1.0,0.0,0.0,0.0,0.0,0.0,0.0,0.0,0.0,1.0,1.0,0.0,0.0,0.0,0.0,0.0,0.0,0.0,0.0,0.0,0.0,1.0,1.0,1.0,0.0,1.0,1.0,0.0,0.0,1.0,1.0,1.0,1.0,0.0,0.0,0.0,0.0,0.0,0.0,1.0,1.0,0.0,0.0,1.0,1.0,0.0,0.0,0.0,0.0,0.0,0.0,0.0,0.0,1.0,0.0,1.0,0.0,1.0,1.0,0.0,0.0,0.0,0.0,1
47,https://dl.acm.org/doi/10.1145/3411764.3445218,doi:10.1145/3411764.3445218,HCI,CHI,theory,Data as Delight: Eating data,2021,1,1,1,1,182.0,184.0,https://dl.acm.org/doi/10.1145/3411764.3445218,1.0,1.0,0.0,0.0,0.0,0.0,0.0,0.0,0.0,0.0,1.0,1.0,0.0,0.0,0.0,0.0,0.0,0.0,0.0,0.0,0.0,0.0,0.0,0.0,1.0,1.0,0.0,0.0,0.0,0.0,0.0,0.0,1.0,1.0,0.0,0.0,1.0,1.0,0.0,0.0,0.0,0.0,1.0,1.0,0.0,0.0,0.0,0.0,0.0,0.0,0.0,0.0,0.0,0.0,1.0,1.0,1.0,0.0,1.0,0.0,0.0,0.0,1.0,0.0,1.0,0.0,0.0,0.0,1
48,https://ieeexplore.ieee.org/document/9229242/,ieee:9229242,VIS,IEEE TVCG,application+system,Data Visceralization: Enabling Deeper Understanding of Data Using Virtual Reality,2021,0,1,1,1,183.0,185.0,https://ieeexplore.ieee.org/document/9229242/,1.0,1.0,0.0,0.0,0.0,0.0,1.0,1.0,0.0,0.0,0.0,0.0,0.0,0.0,0.0,0.0,0.0,0.0,0.0,0.0,1.0,1.0,0.0,0.0,0.0,0.0,0.0,0.0,1.0,1.0,1.0,1.0,0.0,0.0,0.0,0.0,1.0,1.0,0.0,0.0,0.0,0.0,0.0,0.0,1.0,1.0,0.0,0.0,1.0,1.0,0.0,0.0,0.0,0.0,0.0,0.0,0.0,0.0,0.0,0.0,1.0,1.0,1.0,1.0,1.0,0.0,1.0,1.0,1
48,https://ieeexplore.ieee.org/document/9229242/,ieee:9229242,VIS,IEEE TVCG,application+system,Data Visceralization: Enabling Deeper Understanding of Data Using Virtual Reality,2021,0,1,1,1,184.0,186.0,https://ieeexplore.ieee.org/document/9229242/,1.0,1.0,0.0,0.0,0.0,0.0,1.0,1.0,0.0,0.0,0.0,0.0,0.0,0.0,0.0,0.0,0.0,0.0,0.0,0.0,1.0,1.0,0.0,0.0,0.0,0.0,0.0,0.0,1.0,1.0,1.0,1.0,0.0,0.0,0.0,0.0,1.0,1.0,0.0,0.0,0.0,0.0,0.0,0.0,1.0,1.0,0.0,0.0,1.0,1.0,0.0,0.0,0.0,0.0,0.0,0.0,0.0,0.0,0.0,0.0,1.0,1.0,1.0,0.0,1.0,0.0,1.0,1.0,1
48,https://ieeexplore.ieee.org/document/9229242/,ieee:9229242,VIS,IEEE TVCG,application+system,Data Visceralization: Enabling Deeper Understanding of Data Using Virtual Reality,2021,0,1,1,1,185.0,187.0,https://ieeexplore.ieee.org/document/9229242/,1.0,1.0,0.0,0.0,0.0,0.0,0.0,0.0,0.0,0.0,0.0,0.0,0.0,0.0,1.0,1.0,0.0,0.0,0.0,0.0,1.0,1.0,0.0,0.0,0.0,0.0,0.0,0.0,1.0,1.0,1.0,1.0,0.0,0.0,0.0,0.0,1.0,1.0,0.0,0.0,0.0,0.0,0.0,0.0,1.0,1.0,0.0,0.0,1.0,1.0,0.0,0.0,0.0,0.0,0.0,0.0,0.0,0.0,0.0,0.0,1.0,1.0,1.0,1.0,0.0,0.0,1.0,1.0,1
48,https://ieeexplore.ieee.org/document/9229242/,ieee:9229242,VIS,IEEE TVCG,application+system,Data Visceralization: Enabling Deeper Understanding of Data Using Virtual Reality,2021,0,1,1,1,186.0,188.0,https://ieeexplore.ieee.org/document/9229242/,1.0,1.0,0.0,0.0,0.0,0.0,0.0,0.0,0.0,0.0,0.0,0.0,0.0,0.0,1.0,1.0,0.0,0.0,0.0,0.0,1.0,1.0,0.0,0.0,0.0,0.0,0.0,0.0,1.0,1.0,1.0,1.0,0.0,0.0,0.0,0.0,1.0,1.0,0.0,0.0,0.0,0.0,0.0,0.0,1.0,1.0,0.0,0.0,1.0,1.0,0.0,0.0,0.0,0.0,0.0,0.0,0.0,0.0,0.0,0.0,1.0,1.0,0.0,0.0,1.0,0.0,1.0,1.0,1
48,https://ieeexplore.ieee.org/document/9229242/,ieee:9229242,VIS,IEEE TVCG,application+system,Data Visceralization: Enabling Deeper Understanding of Data Using Virtual Reality,2021,0,1,1,1,187.0,189.0,https://ieeexplore.ieee.org/document/9229242/,1.0,1.0,0.0,0.0,0.0,0.0,0.0,0.0,0.0,0.0,0.0,0.0,1.0,1.0,0.0,0.0,0.0,0.0,0.0,0.0,1.0,1.0,0.0,0.0,0.0,0.0,0.0,0.0,1.0,1.0,1.0,1.0,0.0,0.0,0.0,0.0,1.0,1.0,0.0,0.0,0.0,0.0,0.0,0.0,1.0,1.0,0.0,0.0,1.0,1.0,0.0,0.0,0.0,0.0,0.0,0.0,0.0,0.0,0.0,0.0,1.0,1.0,0.0,0.0,1.0,0.0,1.0,1.0,1
48,https://ieeexplore.ieee.org/document/9229242/,ieee:9229242,VIS,IEEE TVCG,application+system,Data Visceralization: Enabling Deeper Understanding of Data Using Virtual Reality,2021,0,1,1,1,188.0,190.0,https://ieeexplore.ieee.org/document/9229242/,1.0,1.0,0.0,0.0,0.0,0.0,0.0,0.0,1.0,1.0,0.0,0.0,0.0,0.0,0.0,0.0,0.0,0.0,0.0,0.0,1.0,1.0,0.0,0.0,0.0,0.0,0.0,0.0,1.0,1.0,1.0,1.0,0.0,0.0,0.0,0.0,1.0,1.0,0.0,0.0,0.0,0.0,0.0,0.0,1.0,1.0,0.0,0.0,1.0,1.0,0.0,0.0,0.0,0.0,0.0,0.0,0.0,0.0,0.0,0.0,1.0,1.0,0.0,0.0,1.0,0.0,1.0,1.0,1
49,https://ieeexplore.ieee.org/document/9229242/,ieee:9229242,VIS,IEEE TVCG,application+system,Data Visceralization: Enabling Deeper Understanding of Data Using Virtual Reality,2021,0,1,1,1,183.0,185.0,https://ieeexplore.ieee.org/document/9229242/,1.0,1.0,0.0,0.0,0.0,0.0,1.0,1.0,0.0,0.0,0.0,0.0,0.0,0.0,0.0,0.0,0.0,0.0,0.0,0.0,1.0,1.0,0.0,0.0,0.0,0.0,0.0,0.0,1.0,1.0,1.0,1.0,0.0,0.0,0.0,0.0,1.0,1.0,0.0,0.0,0.0,0.0,0.0,0.0,1.0,1.0,0.0,0.0,1.0,1.0,0.0,0.0,0.0,0.0,0.0,0.0,0.0,0.0,0.0,0.0,1.0,1.0,1.0,1.0,1.0,0.0,1.0,1.0,1
49,https://ieeexplore.ieee.org/document/9229242/,ieee:9229242,VIS,IEEE TVCG,application+system,Data Visceralization: Enabling Deeper Understanding of Data Using Virtual Reality,2021,0,1,1,1,184.0,186.0,https://ieeexplore.ieee.org/document/9229242/,1.0,1.0,0.0,0.0,0.0,0.0,1.0,1.0,0.0,0.0,0.0,0.0,0.0,0.0,0.0,0.0,0.0,0.0,0.0,0.0,1.0,1.0,0.0,0.0,0.0,0.0,0.0,0.0,1.0,1.0,1.0,1.0,0.0,0.0,0.0,0.0,1.0,1.0,0.0,0.0,0.0,0.0,0.0,0.0,1.0,1.0,0.0,0.0,1.0,1.0,0.0,0.0,0.0,0.0,0.0,0.0,0.0,0.0,0.0,0.0,1.0,1.0,1.0,0.0,1.0,0.0,1.0,1.0,1
49,https://ieeexplore.ieee.org/document/9229242/,ieee:9229242,VIS,IEEE TVCG,application+system,Data Visceralization: Enabling Deeper Understanding of Data Using Virtual Reality,2021,0,1,1,1,185.0,187.0,https://ieeexplore.ieee.org/document/9229242/,1.0,1.0,0.0,0.0,0.0,0.0,0.0,0.0,0.0,0.0,0.0,0.0,0.0,0.0,1.0,1.0,0.0,0.0,0.0,0.0,1.0,1.0,0.0,0.0,0.0,0.0,0.0,0.0,1.0,1.0,1.0,1.0,0.0,0.0,0.0,0.0,1.0,1.0,0.0,0.0,0.0,0.0,0.0,0.0,1.0,1.0,0.0,0.0,1.0,1.0,0.0,0.0,0.0,0.0,0.0,0.0,0.0,0.0,0.0,0.0,1.0,1.0,1.0,1.0,0.0,0.0,1.0,1.0,1
49,https://ieeexplore.ieee.org/document/9229242/,ieee:9229242,VIS,IEEE TVCG,application+system,Data Visceralization: Enabling Deeper Understanding of Data Using Virtual Reality,2021,0,1,1,1,186.0,188.0,https://ieeexplore.ieee.org/document/9229242/,1.0,1.0,0.0,0.0,0.0,0.0,0.0,0.0,0.0,0.0,0.0,0.0,0.0,0.0,1.0,1.0,0.0,0.0,0.0,0.0,1.0,1.0,0.0,0.0,0.0,0.0,0.0,0.0,1.0,1.0,1.0,1.0,0.0,0.0,0.0,0.0,1.0,1.0,0.0,0.0,0.0,0.0,0.0,0.0,1.0,1.0,0.0,0.0,1.0,1.0,0.0,0.0,0.0,0.0,0.0,0.0,0.0,0.0,0.0,0.0,1.0,1.0,0.0,0.0,1.0,0.0,1.0,1.0,1
49,https://ieeexplore.ieee.org/document/9229242/,ieee:9229242,VIS,IEEE TVCG,application+system,Data Visceralization: Enabling Deeper Understanding of Data Using Virtual Reality,2021,0,1,1,1,187.0,189.0,https://ieeexplore.ieee.org/document/9229242/,1.0,1.0,0.0,0.0,0.0,0.0,0.0,0.0,0.0,0.0,0.0,0.0,1.0,1.0,0.0,0.0,0.0,0.0,0.0,0.0,1.0,1.0,0.0,0.0,0.0,0.0,0.0,0.0,1.0,1.0,1.0,1.0,0.0,0.0,0.0,0.0,1.0,1.0,0.0,0.0,0.0,0.0,0.0,0.0,1.0,1.0,0.0,0.0,1.0,1.0,0.0,0.0,0.0,0.0,0.0,0.0,0.0,0.0,0.0,0.0,1.0,1.0,0.0,0.0,1.0,0.0,1.0,1.0,1
49,https://ieeexplore.ieee.org/document/9229242/,ieee:9229242,VIS,IEEE TVCG,application+system,Data Visceralization: Enabling Deeper Understanding of Data Using Virtual Reality,2021,0,1,1,1,188.0,190.0,https://ieeexplore.ieee.org/document/9229242/,1.0,1.0,0.0,0.0,0.0,0.0,0.0,0.0,1.0,1.0,0.0,0.0,0.0,0.0,0.0,0.0,0.0,0.0,0.0,0.0,1.0,1.0,0.0,0.0,0.0,0.0,0.0,0.0,1.0,1.0,1.0,1.0,0.0,0.0,0.0,0.0,1.0,1.0,0.0,0.0,0.0,0.0,0.0,0.0,1.0,1.0,0.0,0.0,1.0,1.0,0.0,0.0,0.0,0.0,0.0,0.0,0.0,0.0,0.0,0.0,1.0,1.0,0.0,0.0,1.0,0.0,1.0,1.0,1
50,https://ieeexplore.ieee.org/document/9229242/,ieee:9229242,VIS,IEEE TVCG,application+system,Data Visceralization: Enabling Deeper Understanding of Data Using Virtual Reality,2021,0,1,1,1,183.0,185.0,https://ieeexplore.ieee.org/document/9229242/,1.0,1.0,0.0,0.0,0.0,0.0,1.0,1.0,0.0,0.0,0.0,0.0,0.0,0.0,0.0,0.0,0.0,0.0,0.0,0.0,1.0,1.0,0.0,0.0,0.0,0.0,0.0,0.0,1.0,1.0,1.0,1.0,0.0,0.0,0.0,0.0,1.0,1.0,0.0,0.0,0.0,0.0,0.0,0.0,1.0,1.0,0.0,0.0,1.0,1.0,0.0,0.0,0.0,0.0,0.0,0.0,0.0,0.0,0.0,0.0,1.0,1.0,1.0,1.0,1.0,0.0,1.0,1.0,1
50,https://ieeexplore.ieee.org/document/9229242/,ieee:9229242,VIS,IEEE TVCG,application+system,Data Visceralization: Enabling Deeper Understanding of Data Using Virtual Reality,2021,0,1,1,1,184.0,186.0,https://ieeexplore.ieee.org/document/9229242/,1.0,1.0,0.0,0.0,0.0,0.0,1.0,1.0,0.0,0.0,0.0,0.0,0.0,0.0,0.0,0.0,0.0,0.0,0.0,0.0,1.0,1.0,0.0,0.0,0.0,0.0,0.0,0.0,1.0,1.0,1.0,1.0,0.0,0.0,0.0,0.0,1.0,1.0,0.0,0.0,0.0,0.0,0.0,0.0,1.0,1.0,0.0,0.0,1.0,1.0,0.0,0.0,0.0,0.0,0.0,0.0,0.0,0.0,0.0,0.0,1.0,1.0,1.0,0.0,1.0,0.0,1.0,1.0,1
50,https://ieeexplore.ieee.org/document/9229242/,ieee:9229242,VIS,IEEE TVCG,application+system,Data Visceralization: Enabling Deeper Understanding of Data Using Virtual Reality,2021,0,1,1,1,185.0,187.0,https://ieeexplore.ieee.org/document/9229242/,1.0,1.0,0.0,0.0,0.0,0.0,0.0,0.0,0.0,0.0,0.0,0.0,0.0,0.0,1.0,1.0,0.0,0.0,0.0,0.0,1.0,1.0,0.0,0.0,0.0,0.0,0.0,0.0,1.0,1.0,1.0,1.0,0.0,0.0,0.0,0.0,1.0,1.0,0.0,0.0,0.0,0.0,0.0,0.0,1.0,1.0,0.0,0.0,1.0,1.0,0.0,0.0,0.0,0.0,0.0,0.0,0.0,0.0,0.0,0.0,1.0,1.0,1.0,1.0,0.0,0.0,1.0,1.0,1
50,https://ieeexplore.ieee.org/document/9229242/,ieee:9229242,VIS,IEEE TVCG,application+system,Data Visceralization: Enabling Deeper Understanding of Data Using Virtual Reality,2021,0,1,1,1,186.0,188.0,https://ieeexplore.ieee.org/document/9229242/,1.0,1.0,0.0,0.0,0.0,0.0,0.0,0.0,0.0,0.0,0.0,0.0,0.0,0.0,1.0,1.0,0.0,0.0,0.0,0.0,1.0,1.0,0.0,0.0,0.0,0.0,0.0,0.0,1.0,1.0,1.0,1.0,0.0,0.0,0.0,0.0,1.0,1.0,0.0,0.0,0.0,0.0,0.0,0.0,1.0,1.0,0.0,0.0,1.0,1.0,0.0,0.0,0.0,0.0,0.0,0.0,0.0,0.0,0.0,0.0,1.0,1.0,0.0,0.0,1.0,0.0,1.0,1.0,1
50,https://ieeexplore.ieee.org/document/9229242/,ieee:9229242,VIS,IEEE TVCG,application+system,Data Visceralization: Enabling Deeper Understanding of Data Using Virtual Reality,2021,0,1,1,1,187.0,189.0,https://ieeexplore.ieee.org/document/9229242/,1.0,1.0,0.0,0.0,0.0,0.0,0.0,0.0,0.0,0.0,0.0,0.0,1.0,1.0,0.0,0.0,0.0,0.0,0.0,0.0,1.0,1.0,0.0,0.0,0.0,0.0,0.0,0.0,1.0,1.0,1.0,1.0,0.0,0.0,0.0,0.0,1.0,1.0,0.0,0.0,0.0,0.0,0.0,0.0,1.0,1.0,0.0,0.0,1.0,1.0,0.0,0.0,0.0,0.0,0.0,0.0,0.0,0.0,0.0,0.0,1.0,1.0,0.0,0.0,1.0,0.0,1.0,1.0,1
50,https://ieeexplore.ieee.org/document/9229242/,ieee:9229242,VIS,IEEE TVCG,application+system,Data Visceralization: Enabling Deeper Understanding of Data Using Virtual Reality,2021,0,1,1,1,188.0,190.0,https://ieeexplore.ieee.org/document/9229242/,1.0,1.0,0.0,0.0,0.0,0.0,0.0,0.0,1.0,1.0,0.0,0.0,0.0,0.0,0.0,0.0,0.0,0.0,0.0,0.0,1.0,1.0,0.0,0.0,0.0,0.0,0.0,0.0,1.0,1.0,1.0,1.0,0.0,0.0,0.0,0.0,1.0,1.0,0.0,0.0,0.0,0.0,0.0,0.0,1.0,1.0,0.0,0.0,1.0,1.0,0.0,0.0,0.0,0.0,0.0,0.0,0.0,0.0,0.0,0.0,1.0,1.0,0.0,0.0,1.0,0.0,1.0,1.0,1
51,https://ieeexplore.ieee.org/document/9229242/,ieee:9229242,VIS,IEEE TVCG,application+system,Data Visceralization: Enabling Deeper Understanding of Data Using Virtual Reality,2021,0,1,1,1,183.0,185.0,https://ieeexplore.ieee.org/document/9229242/,1.0,1.0,0.0,0.0,0.0,0.0,1.0,1.0,0.0,0.0,0.0,0.0,0.0,0.0,0.0,0.0,0.0,0.0,0.0,0.0,1.0,1.0,0.0,0.0,0.0,0.0,0.0,0.0,1.0,1.0,1.0,1.0,0.0,0.0,0.0,0.0,1.0,1.0,0.0,0.0,0.0,0.0,0.0,0.0,1.0,1.0,0.0,0.0,1.0,1.0,0.0,0.0,0.0,0.0,0.0,0.0,0.0,0.0,0.0,0.0,1.0,1.0,1.0,1.0,1.0,0.0,1.0,1.0,1
51,https://ieeexplore.ieee.org/document/9229242/,ieee:9229242,VIS,IEEE TVCG,application+system,Data Visceralization: Enabling Deeper Understanding of Data Using Virtual Reality,2021,0,1,1,1,184.0,186.0,https://ieeexplore.ieee.org/document/9229242/,1.0,1.0,0.0,0.0,0.0,0.0,1.0,1.0,0.0,0.0,0.0,0.0,0.0,0.0,0.0,0.0,0.0,0.0,0.0,0.0,1.0,1.0,0.0,0.0,0.0,0.0,0.0,0.0,1.0,1.0,1.0,1.0,0.0,0.0,0.0,0.0,1.0,1.0,0.0,0.0,0.0,0.0,0.0,0.0,1.0,1.0,0.0,0.0,1.0,1.0,0.0,0.0,0.0,0.0,0.0,0.0,0.0,0.0,0.0,0.0,1.0,1.0,1.0,0.0,1.0,0.0,1.0,1.0,1
51,https://ieeexplore.ieee.org/document/9229242/,ieee:9229242,VIS,IEEE TVCG,application+system,Data Visceralization: Enabling Deeper Understanding of Data Using Virtual Reality,2021,0,1,1,1,185.0,187.0,https://ieeexplore.ieee.org/document/9229242/,1.0,1.0,0.0,0.0,0.0,0.0,0.0,0.0,0.0,0.0,0.0,0.0,0.0,0.0,1.0,1.0,0.0,0.0,0.0,0.0,1.0,1.0,0.0,0.0,0.0,0.0,0.0,0.0,1.0,1.0,1.0,1.0,0.0,0.0,0.0,0.0,1.0,1.0,0.0,0.0,0.0,0.0,0.0,0.0,1.0,1.0,0.0,0.0,1.0,1.0,0.0,0.0,0.0,0.0,0.0,0.0,0.0,0.0,0.0,0.0,1.0,1.0,1.0,1.0,0.0,0.0,1.0,1.0,1
51,https://ieeexplore.ieee.org/document/9229242/,ieee:9229242,VIS,IEEE TVCG,application+system,Data Visceralization: Enabling Deeper Understanding of Data Using Virtual Reality,2021,0,1,1,1,186.0,188.0,https://ieeexplore.ieee.org/document/9229242/,1.0,1.0,0.0,0.0,0.0,0.0,0.0,0.0,0.0,0.0,0.0,0.0,0.0,0.0,1.0,1.0,0.0,0.0,0.0,0.0,1.0,1.0,0.0,0.0,0.0,0.0,0.0,0.0,1.0,1.0,1.0,1.0,0.0,0.0,0.0,0.0,1.0,1.0,0.0,0.0,0.0,0.0,0.0,0.0,1.0,1.0,0.0,0.0,1.0,1.0,0.0,0.0,0.0,0.0,0.0,0.0,0.0,0.0,0.0,0.0,1.0,1.0,0.0,0.0,1.0,0.0,1.0,1.0,1
51,https://ieeexplore.ieee.org/document/9229242/,ieee:9229242,VIS,IEEE TVCG,application+system,Data Visceralization: Enabling Deeper Understanding of Data Using Virtual Reality,2021,0,1,1,1,187.0,189.0,https://ieeexplore.ieee.org/document/9229242/,1.0,1.0,0.0,0.0,0.0,0.0,0.0,0.0,0.0,0.0,0.0,0.0,1.0,1.0,0.0,0.0,0.0,0.0,0.0,0.0,1.0,1.0,0.0,0.0,0.0,0.0,0.0,0.0,1.0,1.0,1.0,1.0,0.0,0.0,0.0,0.0,1.0,1.0,0.0,0.0,0.0,0.0,0.0,0.0,1.0,1.0,0.0,0.0,1.0,1.0,0.0,0.0,0.0,0.0,0.0,0.0,0.0,0.0,0.0,0.0,1.0,1.0,0.0,0.0,1.0,0.0,1.0,1.0,1
51,https://ieeexplore.ieee.org/document/9229242/,ieee:9229242,VIS,IEEE TVCG,application+system,Data Visceralization: Enabling Deeper Understanding of Data Using Virtual Reality,2021,0,1,1,1,188.0,190.0,https://ieeexplore.ieee.org/document/9229242/,1.0,1.0,0.0,0.0,0.0,0.0,0.0,0.0,1.0,1.0,0.0,0.0,0.0,0.0,0.0,0.0,0.0,0.0,0.0,0.0,1.0,1.0,0.0,0.0,0.0,0.0,0.0,0.0,1.0,1.0,1.0,1.0,0.0,0.0,0.0,0.0,1.0,1.0,0.0,0.0,0.0,0.0,0.0,0.0,1.0,1.0,0.0,0.0,1.0,1.0,0.0,0.0,0.0,0.0,0.0,0.0,0.0,0.0,0.0,0.0,1.0,1.0,0.0,0.0,1.0,0.0,1.0,1.0,1
52,https://ieeexplore.ieee.org/document/9229242/,ieee:9229242,VIS,IEEE TVCG,application+system,Data Visceralization: Enabling Deeper Understanding of Data Using Virtual Reality,2021,0,1,1,1,183.0,185.0,https://ieeexplore.ieee.org/document/9229242/,1.0,1.0,0.0,0.0,0.0,0.0,1.0,1.0,0.0,0.0,0.0,0.0,0.0,0.0,0.0,0.0,0.0,0.0,0.0,0.0,1.0,1.0,0.0,0.0,0.0,0.0,0.0,0.0,1.0,1.0,1.0,1.0,0.0,0.0,0.0,0.0,1.0,1.0,0.0,0.0,0.0,0.0,0.0,0.0,1.0,1.0,0.0,0.0,1.0,1.0,0.0,0.0,0.0,0.0,0.0,0.0,0.0,0.0,0.0,0.0,1.0,1.0,1.0,1.0,1.0,0.0,1.0,1.0,1
52,https://ieeexplore.ieee.org/document/9229242/,ieee:9229242,VIS,IEEE TVCG,application+system,Data Visceralization: Enabling Deeper Understanding of Data Using Virtual Reality,2021,0,1,1,1,184.0,186.0,https://ieeexplore.ieee.org/document/9229242/,1.0,1.0,0.0,0.0,0.0,0.0,1.0,1.0,0.0,0.0,0.0,0.0,0.0,0.0,0.0,0.0,0.0,0.0,0.0,0.0,1.0,1.0,0.0,0.0,0.0,0.0,0.0,0.0,1.0,1.0,1.0,1.0,0.0,0.0,0.0,0.0,1.0,1.0,0.0,0.0,0.0,0.0,0.0,0.0,1.0,1.0,0.0,0.0,1.0,1.0,0.0,0.0,0.0,0.0,0.0,0.0,0.0,0.0,0.0,0.0,1.0,1.0,1.0,0.0,1.0,0.0,1.0,1.0,1
52,https://ieeexplore.ieee.org/document/9229242/,ieee:9229242,VIS,IEEE TVCG,application+system,Data Visceralization: Enabling Deeper Understanding of Data Using Virtual Reality,2021,0,1,1,1,185.0,187.0,https://ieeexplore.ieee.org/document/9229242/,1.0,1.0,0.0,0.0,0.0,0.0,0.0,0.0,0.0,0.0,0.0,0.0,0.0,0.0,1.0,1.0,0.0,0.0,0.0,0.0,1.0,1.0,0.0,0.0,0.0,0.0,0.0,0.0,1.0,1.0,1.0,1.0,0.0,0.0,0.0,0.0,1.0,1.0,0.0,0.0,0.0,0.0,0.0,0.0,1.0,1.0,0.0,0.0,1.0,1.0,0.0,0.0,0.0,0.0,0.0,0.0,0.0,0.0,0.0,0.0,1.0,1.0,1.0,1.0,0.0,0.0,1.0,1.0,1
52,https://ieeexplore.ieee.org/document/9229242/,ieee:9229242,VIS,IEEE TVCG,application+system,Data Visceralization: Enabling Deeper Understanding of Data Using Virtual Reality,2021,0,1,1,1,186.0,188.0,https://ieeexplore.ieee.org/document/9229242/,1.0,1.0,0.0,0.0,0.0,0.0,0.0,0.0,0.0,0.0,0.0,0.0,0.0,0.0,1.0,1.0,0.0,0.0,0.0,0.0,1.0,1.0,0.0,0.0,0.0,0.0,0.0,0.0,1.0,1.0,1.0,1.0,0.0,0.0,0.0,0.0,1.0,1.0,0.0,0.0,0.0,0.0,0.0,0.0,1.0,1.0,0.0,0.0,1.0,1.0,0.0,0.0,0.0,0.0,0.0,0.0,0.0,0.0,0.0,0.0,1.0,1.0,0.0,0.0,1.0,0.0,1.0,1.0,1
52,https://ieeexplore.ieee.org/document/9229242/,ieee:9229242,VIS,IEEE TVCG,application+system,Data Visceralization: Enabling Deeper Understanding of Data Using Virtual Reality,2021,0,1,1,1,187.0,189.0,https://ieeexplore.ieee.org/document/9229242/,1.0,1.0,0.0,0.0,0.0,0.0,0.0,0.0,0.0,0.0,0.0,0.0,1.0,1.0,0.0,0.0,0.0,0.0,0.0,0.0,1.0,1.0,0.0,0.0,0.0,0.0,0.0,0.0,1.0,1.0,1.0,1.0,0.0,0.0,0.0,0.0,1.0,1.0,0.0,0.0,0.0,0.0,0.0,0.0,1.0,1.0,0.0,0.0,1.0,1.0,0.0,0.0,0.0,0.0,0.0,0.0,0.0,0.0,0.0,0.0,1.0,1.0,0.0,0.0,1.0,0.0,1.0,1.0,1
52,https://ieeexplore.ieee.org/document/9229242/,ieee:9229242,VIS,IEEE TVCG,application+system,Data Visceralization: Enabling Deeper Understanding of Data Using Virtual Reality,2021,0,1,1,1,188.0,190.0,https://ieeexplore.ieee.org/document/9229242/,1.0,1.0,0.0,0.0,0.0,0.0,0.0,0.0,1.0,1.0,0.0,0.0,0.0,0.0,0.0,0.0,0.0,0.0,0.0,0.0,1.0,1.0,0.0,0.0,0.0,0.0,0.0,0.0,1.0,1.0,1.0,1.0,0.0,0.0,0.0,0.0,1.0,1.0,0.0,0.0,0.0,0.0,0.0,0.0,1.0,1.0,0.0,0.0,1.0,1.0,0.0,0.0,0.0,0.0,0.0,0.0,0.0,0.0,0.0,0.0,1.0,1.0,0.0,0.0,1.0,0.0,1.0,1.0,1
53,https://ieeexplore.ieee.org/document/9229242/,ieee:9229242,VIS,IEEE TVCG,application+system,Data Visceralization: Enabling Deeper Understanding of Data Using Virtual Reality,2021,0,1,1,1,183.0,185.0,https://ieeexplore.ieee.org/document/9229242/,1.0,1.0,0.0,0.0,0.0,0.0,1.0,1.0,0.0,0.0,0.0,0.0,0.0,0.0,0.0,0.0,0.0,0.0,0.0,0.0,1.0,1.0,0.0,0.0,0.0,0.0,0.0,0.0,1.0,1.0,1.0,1.0,0.0,0.0,0.0,0.0,1.0,1.0,0.0,0.0,0.0,0.0,0.0,0.0,1.0,1.0,0.0,0.0,1.0,1.0,0.0,0.0,0.0,0.0,0.0,0.0,0.0,0.0,0.0,0.0,1.0,1.0,1.0,1.0,1.0,0.0,1.0,1.0,1
53,https://ieeexplore.ieee.org/document/9229242/,ieee:9229242,VIS,IEEE TVCG,application+system,Data Visceralization: Enabling Deeper Understanding of Data Using Virtual Reality,2021,0,1,1,1,184.0,186.0,https://ieeexplore.ieee.org/document/9229242/,1.0,1.0,0.0,0.0,0.0,0.0,1.0,1.0,0.0,0.0,0.0,0.0,0.0,0.0,0.0,0.0,0.0,0.0,0.0,0.0,1.0,1.0,0.0,0.0,0.0,0.0,0.0,0.0,1.0,1.0,1.0,1.0,0.0,0.0,0.0,0.0,1.0,1.0,0.0,0.0,0.0,0.0,0.0,0.0,1.0,1.0,0.0,0.0,1.0,1.0,0.0,0.0,0.0,0.0,0.0,0.0,0.0,0.0,0.0,0.0,1.0,1.0,1.0,0.0,1.0,0.0,1.0,1.0,1
53,https://ieeexplore.ieee.org/document/9229242/,ieee:9229242,VIS,IEEE TVCG,application+system,Data Visceralization: Enabling Deeper Understanding of Data Using Virtual Reality,2021,0,1,1,1,185.0,187.0,https://ieeexplore.ieee.org/document/9229242/,1.0,1.0,0.0,0.0,0.0,0.0,0.0,0.0,0.0,0.0,0.0,0.0,0.0,0.0,1.0,1.0,0.0,0.0,0.0,0.0,1.0,1.0,0.0,0.0,0.0,0.0,0.0,0.0,1.0,1.0,1.0,1.0,0.0,0.0,0.0,0.0,1.0,1.0,0.0,0.0,0.0,0.0,0.0,0.0,1.0,1.0,0.0,0.0,1.0,1.0,0.0,0.0,0.0,0.0,0.0,0.0,0.0,0.0,0.0,0.0,1.0,1.0,1.0,1.0,0.0,0.0,1.0,1.0,1
53,https://ieeexplore.ieee.org/document/9229242/,ieee:9229242,VIS,IEEE TVCG,application+system,Data Visceralization: Enabling Deeper Understanding of Data Using Virtual Reality,2021,0,1,1,1,186.0,188.0,https://ieeexplore.ieee.org/document/9229242/,1.0,1.0,0.0,0.0,0.0,0.0,0.0,0.0,0.0,0.0,0.0,0.0,0.0,0.0,1.0,1.0,0.0,0.0,0.0,0.0,1.0,1.0,0.0,0.0,0.0,0.0,0.0,0.0,1.0,1.0,1.0,1.0,0.0,0.0,0.0,0.0,1.0,1.0,0.0,0.0,0.0,0.0,0.0,0.0,1.0,1.0,0.0,0.0,1.0,1.0,0.0,0.0,0.0,0.0,0.0,0.0,0.0,0.0,0.0,0.0,1.0,1.0,0.0,0.0,1.0,0.0,1.0,1.0,1
53,https://ieeexplore.ieee.org/document/9229242/,ieee:9229242,VIS,IEEE TVCG,application+system,Data Visceralization: Enabling Deeper Understanding of Data Using Virtual Reality,2021,0,1,1,1,187.0,189.0,https://ieeexplore.ieee.org/document/9229242/,1.0,1.0,0.0,0.0,0.0,0.0,0.0,0.0,0.0,0.0,0.0,0.0,1.0,1.0,0.0,0.0,0.0,0.0,0.0,0.0,1.0,1.0,0.0,0.0,0.0,0.0,0.0,0.0,1.0,1.0,1.0,1.0,0.0,0.0,0.0,0.0,1.0,1.0,0.0,0.0,0.0,0.0,0.0,0.0,1.0,1.0,0.0,0.0,1.0,1.0,0.0,0.0,0.0,0.0,0.0,0.0,0.0,0.0,0.0,0.0,1.0,1.0,0.0,0.0,1.0,0.0,1.0,1.0,1
53,https://ieeexplore.ieee.org/document/9229242/,ieee:9229242,VIS,IEEE TVCG,application+system,Data Visceralization: Enabling Deeper Understanding of Data Using Virtual Reality,2021,0,1,1,1,188.0,190.0,https://ieeexplore.ieee.org/document/9229242/,1.0,1.0,0.0,0.0,0.0,0.0,0.0,0.0,1.0,1.0,0.0,0.0,0.0,0.0,0.0,0.0,0.0,0.0,0.0,0.0,1.0,1.0,0.0,0.0,0.0,0.0,0.0,0.0,1.0,1.0,1.0,1.0,0.0,0.0,0.0,0.0,1.0,1.0,0.0,0.0,0.0,0.0,0.0,0.0,1.0,1.0,0.0,0.0,1.0,1.0,0.0,0.0,0.0,0.0,0.0,0.0,0.0,0.0,0.0,0.0,1.0,1.0,0.0,0.0,1.0,0.0,1.0,1.0,1
54,https://dl.acm.org/doi/10.1145/3301019.3325160,doi:10.1145/3301019.3325160,HCI,DIS,application+system,Citizen Dialogue Kit: Public Polling and Data Visualization Displays for Bottom-Up Citizen Participation,2019,1,1,0,1,189.0,191.0,https://dl.acm.org/doi/10.1145/3301019.3325160,0.0,0.0,0.0,0.0,1.0,1.0,0.0,0.0,0.0,0.0,0.0,0.0,0.0,0.0,1.0,1.0,0.0,0.0,0.0,0.0,0.0,0.0,0.0,0.0,1.0,1.0,0.0,0.0,0.0,0.0,1.0,1.0,0.0,0.0,1.0,1.0,0.0,0.0,0.0,0.0,0.0,0.0,1.0,1.0,0.0,0.0,0.0,0.0,1.0,1.0,0.0,0.0,0.0,0.0,0.0,0.0,0.0,0.0,1.0,0.0,1.0,0.0,1.0,1.0,0.0,0.0,1.0,1.0,1
55,https://www.sciencedirect.com/science/article/pii/S1045926X16300404?via=ihub,doi:s1045926x16300404,Computer science,Journal of Visual Languages and Computing,technique+algorithm,Situated Analytics: Demonstrating immersive analytical tools with Augmented Reality,2016,0,1,1,1,190.0,192.0,https://www.sciencedirect.com/science/article/pii/S1045926X16300404?via=ihub,1.0,1.0,0.0,0.0,0.0,0.0,0.0,0.0,0.0,0.0,1.0,1.0,0.0,0.0,0.0,0.0,0.0,0.0,0.0,0.0,1.0,1.0,0.0,0.0,0.0,0.0,0.0,0.0,0.0,0.0,0.0,0.0,0.0,0.0,0.0,0.0,0.0,0.0,1.0,1.0,1.0,1.0,0.0,0.0,0.0,0.0,0.0,0.0,1.0,1.0,0.0,0.0,0.0,0.0,0.0,0.0,0.0,0.0,0.0,0.0,1.0,1.0,0.0,0.0,1.0,0.0,1.0,1.0,1
56,https://dl.acm.org/doi/10.1145/2851581.2892367,doi:10.1145/2851581.2892367,HCI,CHI,application+system,MelissAR: Towards Augmented Visual Analytics of Honey Bee Behaviour,2016,1,1,1,1,191.0,193.0,https://dl.acm.org/doi/10.1145/2851581.2892367,1.0,1.0,0.0,0.0,0.0,0.0,0.0,0.0,1.0,1.0,0.0,0.0,0.0,0.0,0.0,0.0,0.0,0.0,0.0,0.0,1.0,1.0,0.0,0.0,0.0,0.0,0.0,0.0,0.0,0.0,0.0,0.0,0.0,0.0,0.0,0.0,0.0,0.0,1.0,1.0,1.0,1.0,0.0,0.0,0.0,0.0,0.0,0.0,1.0,1.0,0.0,0.0,0.0,0.0,0.0,0.0,0.0,0.0,1.0,0.0,1.0,0.0,1.0,1.0,0.0,0.0,1.0,1.0,1
57,https://dl.acm.org/doi/10.1145/3399715.3399838,doi:10.1145/3399715.3399838,Computer science,AVI,application+system,Augmented Situated Visualization for Spatial and Context-Aware Decision-Making,2020,1,1,1,1,192.0,194.0,https://dl.acm.org/doi/10.1145/3399715.3399838,1.0,1.0,0.0,0.0,0.0,0.0,0.0,0.0,0.0,0.0,1.0,1.0,0.0,0.0,0.0,0.0,0.0,0.0,0.0,0.0,1.0,1.0,0.0,0.0,0.0,0.0,0.0,0.0,0.0,0.0,1.0,1.0,0.0,0.0,0.0,0.0,0.0,0.0,1.0,1.0,0.0,0.0,0.0,0.0,1.0,1.0,0.0,0.0,1.0,1.0,0.0,0.0,0.0,0.0,0.0,0.0,0.0,0.0,0.0,0.0,1.0,1.0,1.0,1.0,0.0,0.0,1.0,1.0,1
58,https://dl.acm.org/doi/10.1145/3025453.3025850,doi:10.1145/3025453.3025850,HCI,CHI,theory,Building with Data: Architectural Models as Inspiration for Data Physicalization,2017,1,1,1,1,193.0,195.0,https://dl.acm.org/doi/10.1145/3025453.3025850,1.0,1.0,1.0,1.0,0.0,0.0,0.0,0.0,0.0,0.0,0.0,0.0,0.0,0.0,0.0,0.0,1.0,1.0,0.0,0.0,0.0,0.0,0.0,0.0,1.0,1.0,0.0,0.0,0.0,0.0,1.0,1.0,0.0,0.0,0.0,0.0,1.0,1.0,0.0,0.0,0.0,0.0,0.0,0.0,1.0,1.0,0.0,0.0,1.0,1.0,1.0,1.0,0.0,0.0,0.0,0.0,1.0,0.0,1.0,0.0,0.0,0.0,0.0,0.0,1.0,1.0,1.0,0.0,1
59,https://www.sciencedirect.com/science/article/pii/S0097849320301527,doi:s0097849320301527,Computer science,CG,application+system,Augmented situated visualization methods towards electromagnetic compatibility testing,2020,0,1,0,1,194.0,196.0,https://www.sciencedirect.com/science/article/pii/S0097849320301527,1.0,1.0,0.0,0.0,0.0,0.0,0.0,0.0,0.0,0.0,0.0,0.0,0.0,0.0,0.0,0.0,1.0,1.0,0.0,0.0,1.0,1.0,0.0,0.0,0.0,0.0,0.0,0.0,1.0,1.0,0.0,0.0,0.0,0.0,0.0,0.0,0.0,0.0,1.0,1.0,0.0,0.0,0.0,0.0,1.0,1.0,0.0,0.0,1.0,1.0,0.0,0.0,0.0,0.0,0.0,0.0,0.0,0.0,1.0,0.0,1.0,0.0,1.0,1.0,1.0,0.0,1.0,1.0,1
60,https://dl.acm.org/doi/10.1145/3461778.3462030,doi:10.1145/3461778.3462030,HCI,DIS,application+system,Designing a Multi-Agent Occupant Simulation System to Support Facility Planning and Analysis for COVID-19,2021,0,0,1,1,195.0,197.0,https://dl.acm.org/doi/10.1145/3461778.3462030,1.0,1.0,0.0,0.0,0.0,0.0,0.0,0.0,0.0,0.0,0.0,0.0,0.0,0.0,0.0,0.0,1.0,1.0,0.0,0.0,1.0,1.0,0.0,0.0,0.0,0.0,0.0,0.0,0.0,0.0,0.0,0.0,0.0,0.0,0.0,0.0,0.0,0.0,1.0,1.0,0.0,0.0,0.0,0.0,1.0,1.0,0.0,0.0,1.0,1.0,0.0,0.0,0.0,0.0,0.0,0.0,0.0,0.0,0.0,0.0,1.0,1.0,0.0,0.0,1.0,0.0,1.0,0.0,1
61,https://dl.acm.org/doi/10.1145/3132787.3139197,doi:10.1145/3132787.3139197,Computer science,SIGGRAPH,application+system,Duopography: using back-of-device multi-touch input to manipulate spatial data on mobile tangible interactive topography,2017,1,1,1,1,196.0,198.0,https://dl.acm.org/doi/10.1145/3132787.3139197,1.0,1.0,0.0,0.0,0.0,0.0,0.0,0.0,1.0,1.0,0.0,0.0,0.0,0.0,0.0,0.0,0.0,0.0,0.0,0.0,1.0,1.0,0.0,0.0,1.0,1.0,0.0,0.0,1.0,1.0,0.0,0.0,0.0,0.0,0.0,0.0,1.0,1.0,0.0,0.0,0.0,0.0,0.0,0.0,1.0,1.0,0.0,0.0,1.0,1.0,1.0,0.0,0.0,0.0,0.0,0.0,0.0,0.0,1.0,1.0,0.0,0.0,0.0,0.0,1.0,1.0,1.0,1.0,1
62,https://dl.acm.org/doi/10.1145/3411764.3445649,doi:10.1145/3411764.3445649,HCI,CHI,application+system,Towards an Understanding of Situated AR Visualization for Basketball Free-Throw Training,2021,0,1,1,1,197.0,199.0,https://dl.acm.org/doi/10.1145/3411764.3445649,1.0,1.0,1.0,1.0,0.0,0.0,1.0,1.0,0.0,0.0,0.0,0.0,0.0,0.0,0.0,0.0,0.0,0.0,0.0,0.0,1.0,1.0,0.0,0.0,0.0,0.0,0.0,0.0,0.0,0.0,0.0,0.0,0.0,0.0,0.0,0.0,0.0,0.0,1.0,1.0,1.0,1.0,0.0,0.0,0.0,0.0,0.0,0.0,1.0,1.0,0.0,0.0,0.0,0.0,0.0,0.0,0.0,0.0,0.0,0.0,1.0,1.0,1.0,1.0,1.0,0.0,1.0,0.0,1
63,https://link.springer.com/chapter/10.1007/978-3-540-76652-0_19,doi:10.1007/978-3-540-76652-0_19,other,Ambient Intelligence,application+system,Enhancing the Shopping Experience with Ambient Displays: A Field Study in a Retail Store,2007,1,1,1,0,198.0,200.0,https://link.springer.com/chapter/10.1007/978-3-540-76652-0_19,0.0,0.0,0.0,0.0,1.0,1.0,0.0,0.0,1.0,1.0,0.0,0.0,0.0,0.0,0.0,0.0,0.0,0.0,0.0,0.0,0.0,0.0,0.0,0.0,0.0,0.0,1.0,1.0,0.0,0.0,1.0,1.0,0.0,0.0,0.0,0.0,0.0,0.0,0.0,0.0,1.0,1.0,0.0,0.0,1.0,1.0,0.0,0.0,1.0,1.0,0.0,0.0,0.0,0.0,0.0,0.0,0.0,0.0,1.0,1.0,0.0,0.0,1.0,1.0,0.0,0.0,1.0,1.0,1
64,https://dl.acm.org/doi/10.1145/3064857.3079122,doi:10.1145/3064857.3079122,HCI,DIS,application+system,Time-Turner: Data Engagement Through Everyday Objects in the Home,2017,1,0,1,1,199.0,201.0,https://dl.acm.org/doi/10.1145/3064857.3079122,1.0,1.0,1.0,1.0,0.0,0.0,0.0,0.0,0.0,0.0,1.0,1.0,0.0,0.0,0.0,0.0,0.0,0.0,0.0,0.0,0.0,0.0,0.0,0.0,1.0,1.0,0.0,0.0,0.0,0.0,1.0,1.0,0.0,0.0,0.0,0.0,1.0,1.0,0.0,0.0,0.0,0.0,1.0,1.0,0.0,0.0,0.0,0.0,1.0,1.0,0.0,0.0,0.0,0.0,0.0,0.0,1.0,1.0,0.0,0.0,0.0,0.0,1.0,1.0,0.0,0.0,1.0,1.0,1
65,https://www.tandfonline.com/doi/full/10.1080/15230406.2020.1771771,doi:10.1080/15230406.2020.1771771,other,Cartography and Geographic Information Science,theory,Immersive visualization with bar graphics,2020,1,1,0,1,200.0,202.0,https://www.tandfonline.com/doi/full/10.1080/15230406.2020.1771771,1.0,1.0,0.0,0.0,0.0,0.0,0.0,0.0,1.0,1.0,0.0,0.0,0.0,0.0,0.0,0.0,0.0,0.0,0.0,0.0,1.0,1.0,0.0,0.0,0.0,0.0,0.0,0.0,1.0,1.0,1.0,1.0,0.0,0.0,0.0,0.0,0.0,0.0,0.0,0.0,0.0,0.0,0.0,0.0,1.0,1.0,0.0,0.0,1.0,1.0,0.0,0.0,0.0,0.0,0.0,0.0,0.0,0.0,0.0,0.0,1.0,0.0,1.0,1.0,0.0,0.0,1.0,1.0,1
66,https://ieeexplore.ieee.org/document/7804440,ieee:7804440,Computer science,IEEE IVCNZ,application+system,VISGIS: Dynamic situated visualization for geographic information systems,2016,0,1,1,1,201.0,203.0,https://ieeexplore.ieee.org/document/7804440,1.0,1.0,0.0,0.0,0.0,0.0,0.0,0.0,1.0,1.0,0.0,0.0,0.0,0.0,0.0,0.0,0.0,0.0,0.0,0.0,1.0,1.0,0.0,0.0,0.0,0.0,0.0,0.0,1.0,1.0,1.0,1.0,0.0,0.0,0.0,0.0,0.0,0.0,0.0,0.0,0.0,0.0,0.0,0.0,1.0,1.0,0.0,0.0,1.0,1.0,0.0,0.0,0.0,0.0,0.0,0.0,0.0,0.0,0.0,0.0,1.0,1.0,1.0,1.0,0.0,0.0,1.0,1.0,1
67,https://ieeexplore.ieee.org/document/9284665,ieee:9284665,Computer science,IEEE ISMAR,application+system,HydrogenAR: Interactive Data-Driven Presentation of Dispenser Reliability,2020,1,1,0,1,202.0,204.0,https://ieeexplore.ieee.org/document/9284665,1.0,1.0,0.0,0.0,0.0,0.0,0.0,0.0,0.0,0.0,0.0,0.0,0.0,0.0,0.0,0.0,1.0,1.0,0.0,0.0,1.0,1.0,0.0,0.0,0.0,0.0,0.0,0.0,1.0,1.0,0.0,0.0,0.0,0.0,1.0,1.0,0.0,0.0,1.0,0.0,0.0,0.0,0.0,0.0,1.0,1.0,0.0,0.0,1.0,1.0,0.0,0.0,0.0,0.0,0.0,0.0,0.0,0.0,0.0,0.0,1.0,1.0,1.0,0.0,1.0,0.0,1.0,1.0,1
68,https://ieeexplore.ieee.org/document/1647517,ieee:1647517,Computer science,IEEE 3DUI,application+system,Virtual Vouchers: Prototyping a Mobile Augmented Reality User Interface for Botanical Species Identification,2006,1,1,1,0,203.0,205.0,https://ieeexplore.ieee.org/document/1647517,1.0,1.0,0.0,0.0,0.0,0.0,0.0,0.0,1.0,1.0,0.0,0.0,0.0,0.0,0.0,0.0,0.0,0.0,0.0,0.0,1.0,1.0,0.0,0.0,0.0,0.0,0.0,0.0,0.0,0.0,1.0,1.0,0.0,0.0,0.0,0.0,1.0,1.0,0.0,0.0,1.0,1.0,0.0,0.0,0.0,0.0,0.0,0.0,1.0,1.0,0.0,0.0,0.0,0.0,0.0,0.0,1.0,0.0,0.0,0.0,1.0,0.0,0.0,0.0,1.0,0.0,1.0,0.0,1
69,https://ieeexplore.ieee.org/document/8805467,ieee:8805467,VIS,IEEE TVCG,application+system,Designing for Mobile and Immersive Visual Analytics in the Field,2020,1,1,1,1,204.0,206.0,https://ieeexplore.ieee.org/document/8805467,1.0,0.0,1.0,0.0,0.0,0.0,0.0,0.0,1.0,1.0,0.0,0.0,0.0,0.0,0.0,0.0,0.0,0.0,0.0,0.0,1.0,1.0,0.0,0.0,0.0,0.0,0.0,0.0,0.0,0.0,0.0,0.0,0.0,0.0,0.0,0.0,0.0,0.0,1.0,1.0,1.0,1.0,0.0,0.0,0.0,0.0,0.0,0.0,1.0,1.0,0.0,0.0,0.0,0.0,0.0,0.0,0.0,0.0,1.0,0.0,1.0,0.0,0.0,0.0,1.0,0.0,1.0,1.0,1
70,https://ieeexplore.ieee.org/document/9225008,ieee:9225008,VIS,IEEE TVCG,theory,Revisited: Comparison of Empirical Methods to Evaluate Visualizations Supporting Crafting and Assembly Purposes,2021,0,0,0,0,205.0,207.0,https://ieeexplore.ieee.org/document/9225008,1.0,1.0,0.0,0.0,0.0,0.0,0.0,0.0,0.0,0.0,0.0,0.0,0.0,0.0,0.0,0.0,1.0,1.0,0.0,0.0,1.0,1.0,0.0,0.0,0.0,0.0,0.0,0.0,0.0,0.0,0.0,0.0,0.0,0.0,0.0,0.0,0.0,0.0,1.0,1.0,0.0,0.0,0.0,0.0,1.0,1.0,0.0,0.0,1.0,1.0,0.0,0.0,0.0,0.0,0.0,0.0,1.0,0.0,1.0,0.0,0.0,0.0,1.0,1.0,1.0,0.0,1.0,1.0,1
71,https://ieeexplore.ieee.org/document/9229116,ieee:9229116,VIS,IEEE TVCG,application+system,Uplift: A Tangible and Immersive Tabletop System for Casual Collaborative Visual Analytics,2020,1,1,1,1,206.0,208.0,https://ieeexplore.ieee.org/document/9229116,0.0,0.0,1.0,1.0,0.0,0.0,0.0,0.0,0.0,0.0,0.0,0.0,0.0,0.0,0.0,0.0,1.0,1.0,0.0,0.0,1.0,1.0,0.0,0.0,1.0,1.0,0.0,0.0,0.0,0.0,1.0,0.0,0.0,0.0,0.0,0.0,0.0,0.0,1.0,1.0,0.0,0.0,0.0,0.0,1.0,1.0,0.0,0.0,1.0,1.0,0.0,0.0,0.0,0.0,0.0,0.0,0.0,0.0,1.0,1.0,0.0,0.0,0.0,0.0,1.0,1.0,1.0,1.0,1
72,https://openreview.net/forum?id=SIclhxYV6f9,https://openreview.net/forum,Computer science,GI,application+system,Simultaneous Worlds: Supporting Fluid Exploration of Multiple Data Sets via Physical Models,2022,1,0,1,0,207.0,209.0,https://openreview.net/forum?id=SIclhxYV6f9,1.0,1.0,1.0,1.0,0.0,0.0,0.0,0.0,0.0,0.0,0.0,0.0,0.0,0.0,0.0,0.0,1.0,1.0,0.0,0.0,1.0,1.0,0.0,0.0,1.0,1.0,0.0,0.0,0.0,0.0,0.0,0.0,0.0,0.0,0.0,0.0,0.0,0.0,1.0,1.0,0.0,0.0,0.0,0.0,1.0,1.0,0.0,0.0,1.0,1.0,1.0,1.0,0.0,0.0,0.0,0.0,0.0,0.0,1.0,1.0,0.0,0.0,0.0,0.0,1.0,1.0,1.0,1.0,1
73,https://ieeexplore.ieee.org/document/9756734,ieee:9756734,Computer science,IEEE VR,application+system,TimeTables: Embodied Exploration of Immersive Spatio-Temporal Data,2022,1,1,1,1,208.0,210.0,https://ieeexplore.ieee.org/document/9756734,1.0,1.0,0.0,0.0,0.0,0.0,0.0,0.0,0.0,0.0,0.0,0.0,0.0,0.0,0.0,0.0,0.0,0.0,1.0,1.0,1.0,1.0,0.0,0.0,0.0,0.0,0.0,0.0,0.0,0.0,0.0,0.0,0.0,0.0,0.0,0.0,0.0,0.0,1.0,1.0,0.0,0.0,0.0,0.0,1.0,1.0,0.0,0.0,1.0,1.0,0.0,0.0,0.0,0.0,0.0,0.0,0.0,0.0,1.0,0.0,1.0,0.0,1.0,1.0,0.0,0.0,1.0,1.0,1
74,https://arxiv.org/abs/2209.00202,https://arxiv.org/abs/2209.00202,VIS,IEEE VIS,application+system,The Quest for Omnioculars: Embedded Visualization for Augmenting Basketball Game Viewing Experiences,2022,1,1,1,1,209.0,211.0,https://arxiv.org/abs/2209.00202,1.0,1.0,0.0,0.0,0.0,0.0,1.0,1.0,0.0,0.0,0.0,0.0,0.0,0.0,0.0,0.0,0.0,0.0,0.0,0.0,1.0,1.0,0.0,0.0,0.0,0.0,0.0,0.0,0.0,0.0,0.0,0.0,0.0,0.0,0.0,0.0,0.0,0.0,1.0,1.0,1.0,1.0,0.0,0.0,0.0,0.0,0.0,0.0,1.0,1.0,0.0,0.0,0.0,0.0,0.0,0.0,0.0,0.0,0.0,0.0,1.0,1.0,1.0,1.0,1.0,0.0,1.0,0.0,1
75,https://ieeexplore.ieee.org/document/9715616,ieee:9715616,other,IEEE PES,theory,User-centred design of a grid health virtual reality tabletop for energy networks,2021,1,1,1,0,210.0,212.0,https://ieeexplore.ieee.org/document/9715616,1.0,1.0,0.0,0.0,0.0,0.0,0.0,0.0,0.0,0.0,0.0,0.0,0.0,0.0,0.0,0.0,1.0,1.0,0.0,0.0,1.0,1.0,0.0,0.0,0.0,0.0,0.0,0.0,0.0,0.0,0.0,0.0,0.0,0.0,0.0,0.0,0.0,0.0,1.0,1.0,0.0,0.0,0.0,0.0,1.0,1.0,0.0,0.0,1.0,1.0,0.0,0.0,0.0,0.0,0.0,0.0,0.0,0.0,0.0,0.0,1.0,1.0,1.0,1.0,0.0,0.0,1.0,1.0,1
76,https://www.tandfonline.com/doi/full/10.1080/15230406.2021.1929492,doi:10.1080/15230406.2021.1929492,other,Cartography and Geographic Information Scienc,theory,Embodied gesture interaction for immersive maps,2021,1,1,0,1,211.0,213.0,https://www.tandfonline.com/doi/full/10.1080/15230406.2021.1929492,1.0,1.0,0.0,0.0,0.0,0.0,0.0,0.0,0.0,0.0,0.0,0.0,0.0,0.0,0.0,0.0,0.0,0.0,1.0,1.0,1.0,1.0,0.0,0.0,0.0,0.0,0.0,0.0,1.0,1.0,0.0,0.0,0.0,0.0,0.0,0.0,0.0,0.0,1.0,1.0,0.0,0.0,0.0,0.0,1.0,1.0,0.0,0.0,1.0,1.0,0.0,0.0,0.0,0.0,0.0,0.0,0.0,0.0,1.0,1.0,0.0,0.0,1.0,1.0,1.0,0.0,0.0,0.0,1
77,https://ieeexplore.ieee.org/document/9653277,ieee:9653277,Computer science,IEEE IVCNZ,theory,From off-site to on-site: A Flexible Framework for XR Prototyping in Sports Spectating,2021,1,1,0,0,212.0,214.0,https://ieeexplore.ieee.org/document/9653277,1.0,1.0,0.0,0.0,0.0,0.0,1.0,1.0,0.0,0.0,0.0,0.0,0.0,0.0,0.0,0.0,0.0,0.0,0.0,0.0,1.0,1.0,0.0,0.0,0.0,0.0,0.0,0.0,0.0,0.0,0.0,0.0,0.0,0.0,0.0,0.0,0.0,0.0,1.0,1.0,1.0,1.0,0.0,0.0,0.0,0.0,0.0,0.0,1.0,1.0,0.0,0.0,0.0,0.0,0.0,0.0,0.0,0.0,0.0,0.0,1.0,1.0,1.0,0.0,1.0,0.0,1.0,1.0,1
78,https://dl.acm.org/doi/10.1145/3447555.3466602,doi:10.1145/3447555.3466602,other,E-ENERGY,application+system,Towards Embodied Interaction for Geospatial Energy Sector Analytics in Immersive Environments,2021,1,1,0,1,213.0,215.0,https://dl.acm.org/doi/10.1145/3447555.3466602,1.0,1.0,1.0,1.0,0.0,0.0,0.0,0.0,0.0,0.0,0.0,0.0,0.0,0.0,0.0,0.0,1.0,1.0,0.0,0.0,1.0,1.0,0.0,0.0,0.0,0.0,0.0,0.0,0.0,0.0,0.0,0.0,0.0,0.0,0.0,0.0,0.0,0.0,1.0,1.0,0.0,0.0,0.0,0.0,1.0,1.0,0.0,0.0,1.0,1.0,0.0,0.0,0.0,0.0,0.0,0.0,0.0,0.0,0.0,0.0,1.0,1.0,1.0,1.0,0.0,0.0,1.0,1.0,1
79,https://dl.acm.org/doi/10.1145/3487664.3487749,doi:10.1145/3487664.3487749,Computer science,IIWAS,application+system,Visually Communicating Microgrid Complexity,2021,1,1,1,1,214.0,216.0,https://dl.acm.org/doi/10.1145/3487664.3487749,0.0,0.0,1.0,1.0,0.0,0.0,0.0,0.0,0.0,0.0,0.0,0.0,0.0,0.0,0.0,0.0,1.0,1.0,0.0,0.0,1.0,1.0,0.0,0.0,0.0,0.0,0.0,0.0,0.0,0.0,0.0,0.0,0.0,0.0,0.0,0.0,0.0,0.0,1.0,1.0,0.0,0.0,0.0,0.0,1.0,1.0,0.0,0.0,1.0,1.0,0.0,0.0,0.0,0.0,0.0,0.0,0.0,0.0,1.0,1.0,0.0,0.0,1.0,0.0,1.0,0.0,1.0,0.0,1
80,https://ieeexplore.ieee.org/document/8943760,ieee:8943760,Computer science,IEEE ISMAR,application+system,Improving Information Sharing and Collaborative Analysis for Remote GeoSpatial Visualization Using Mixed Reality,2019,1,1,0,1,215.0,217.0,https://ieeexplore.ieee.org/document/8943760,0.0,0.0,1.0,1.0,0.0,0.0,0.0,0.0,1.0,1.0,0.0,0.0,0.0,0.0,0.0,0.0,0.0,0.0,0.0,0.0,1.0,1.0,0.0,0.0,0.0,0.0,0.0,0.0,0.0,0.0,1.0,0.0,0.0,0.0,1.0,0.0,0.0,0.0,1.0,1.0,0.0,0.0,0.0,0.0,1.0,1.0,0.0,0.0,1.0,1.0,0.0,0.0,0.0,0.0,0.0,0.0,0.0,0.0,0.0,0.0,1.0,1.0,1.0,1.0,1.0,0.0,0.0,0.0,1
81,https://ieeexplore.ieee.org/abstract/document/8394466,ieee:8394466,Computer science,IEEE ICASI,application+system,An application for geovisualization with virtual reality built on Unity3D,2018,0,1,1,1,216.0,218.0,https://ieeexplore.ieee.org/abstract/document/8394466,1.0,1.0,0.0,0.0,0.0,0.0,0.0,0.0,1.0,1.0,0.0,0.0,0.0,0.0,0.0,0.0,0.0,0.0,0.0,0.0,1.0,1.0,0.0,0.0,0.0,0.0,0.0,0.0,0.0,0.0,1.0,1.0,0.0,0.0,0.0,0.0,0.0,0.0,0.0,0.0,1.0,1.0,0.0,0.0,1.0,1.0,0.0,0.0,1.0,1.0,0.0,0.0,0.0,0.0,0.0,0.0,0.0,0.0,0.0,0.0,1.0,1.0,0.0,0.0,1.0,0.0,1.0,0.0,1
82,https://link.springer.com/chapter/10.1007/978-3-319-96661-8_27?sv1=affiliate&sv_campaign_id=922583&awc=26429_1706852254_f022038c679dd8b40025fa56187f579d&utm_medium=affiliate&utm_source=awin&utm_campaign=CONR_BOOKS_ECOM_DE_PHSS_ALWYS_DEEPLINK&utm_content=textlink&utm_term=922583,doi:10.1007/978-3-319-96661-8_27,Sociology,ICCS,technique+algorithm,CityScope: A Data-Driven Interactive Simulation Tool for Urban Design. Use Case Volpe,2018,1,0,0,1,217.0,219.0,https://link.springer.com/chapter/10.1007/978-3-319-96661-8_27?sv1=affiliate&sv_campaign_id=922583&awc=26429_1706852254_f022038c679dd8b40025fa56187f579d&utm_medium=affiliate&utm_source=awin&utm_campaign=CONR_BOOKS_ECOM_DE_PHSS_ALWYS_DEEPLINK&utm_content=textlink&utm_term=922583,0.0,0.0,1.0,1.0,0.0,0.0,0.0,0.0,1.0,1.0,0.0,0.0,0.0,0.0,0.0,0.0,0.0,0.0,0.0,0.0,1.0,1.0,0.0,0.0,0.0,0.0,1.0,1.0,0.0,0.0,0.0,0.0,0.0,0.0,0.0,0.0,0.0,0.0,1.0,1.0,1.0,1.0,0.0,0.0,0.0,0.0,0.0,0.0,1.0,1.0,1.0,1.0,0.0,0.0,0.0,0.0,0.0,0.0,1.0,0.0,1.0,0.0,1.0,0.0,1.0,1.0,1.0,0.0,1
83,https://dl.acm.org/doi/abs/10.1145/3131277.3132172,doi:10.1145/3131277.3132172,Computer science,SUI,application+system,Analysing the effect of tangibile user interfaces on spatial memory,2017,1,0,1,0,218.0,220.0,https://dl.acm.org/doi/abs/10.1145/3131277.3132172,1.0,1.0,1.0,1.0,0.0,0.0,0.0,0.0,1.0,1.0,0.0,0.0,0.0,0.0,0.0,0.0,0.0,0.0,0.0,0.0,0.0,0.0,0.0,0.0,1.0,1.0,0.0,0.0,0.0,0.0,1.0,1.0,0.0,0.0,0.0,0.0,0.0,0.0,0.0,0.0,0.0,0.0,0.0,0.0,1.0,1.0,0.0,0.0,1.0,1.0,1.0,1.0,0.0,0.0,0.0,0.0,0.0,0.0,1.0,0.0,1.0,0.0,1.0,1.0,1.0,1.0,0.0,0.0,1
84,https://ieeexplore.ieee.org/document/8114581,ieee:8114581,VIS,IEEE BDVA,theory,Augmented Reality Based Bee Drift Analysis: A User Study,2017,1,1,1,1,220.0,222.0,https://ieeexplore.ieee.org/document/8114581,1.0,1.0,0.0,0.0,0.0,0.0,0.0,0.0,1.0,1.0,0.0,0.0,0.0,0.0,0.0,0.0,0.0,0.0,0.0,0.0,1.0,1.0,0.0,0.0,0.0,0.0,0.0,0.0,1.0,1.0,1.0,1.0,0.0,0.0,0.0,0.0,1.0,1.0,0.0,0.0,0.0,0.0,0.0,0.0,1.0,1.0,0.0,0.0,1.0,1.0,0.0,0.0,0.0,0.0,0.0,0.0,0.0,0.0,1.0,1.0,0.0,0.0,1.0,0.0,1.0,1.0,0.0,0.0,1
85,https://ieeexplore.ieee.org/document/7836459?section=abstract&signout=success,ieee:7836459,Computer science,IEEE ISMAR,theory,"Participatory Design of STEM Education AR Experiences for Heterogeneous Student Groups: Exploring Dimensions of Tangibility, Simulation, and Interaction",2016,1,1,0,0,221.0,223.0,https://ieeexplore.ieee.org/document/7836459?section=abstract&signout=success,1.0,1.0,1.0,1.0,0.0,0.0,0.0,0.0,0.0,0.0,0.0,0.0,0.0,0.0,0.0,0.0,0.0,0.0,1.0,1.0,1.0,1.0,0.0,0.0,1.0,1.0,0.0,0.0,1.0,1.0,0.0,0.0,0.0,0.0,1.0,1.0,0.0,0.0,0.0,0.0,0.0,0.0,0.0,0.0,1.0,0.0,0.0,0.0,1.0,1.0,0.0,0.0,0.0,0.0,0.0,0.0,0.0,0.0,1.0,1.0,0.0,0.0,0.0,0.0,1.0,1.0,1.0,1.0,1
86,https://ieeexplore.ieee.org/document/7943075,ieee:7943075,Sociology,IEEE EDUCON,application+system,Virtual and augmented reality game-based applications to civil engineering education,2017,0,1,0,0,222.0,224.0,https://ieeexplore.ieee.org/document/7943075,1.0,1.0,1.0,1.0,0.0,0.0,0.0,0.0,0.0,0.0,0.0,0.0,0.0,0.0,0.0,0.0,1.0,1.0,0.0,0.0,1.0,1.0,0.0,0.0,0.0,0.0,0.0,0.0,1.0,1.0,0.0,0.0,0.0,0.0,1.0,1.0,0.0,0.0,0.0,0.0,0.0,0.0,0.0,0.0,1.0,1.0,0.0,0.0,1.0,1.0,0.0,0.0,0.0,0.0,0.0,0.0,1.0,0.0,1.0,0.0,0.0,0.0,0.0,0.0,1.0,1.0,1.0,1.0,1
87,https://dl.acm.org/doi/10.1145/2992154.2996775,doi:10.1145/2992154.2996775,Computer science,ISS,application+system,"Combining Mobile, Tangible and Virtual World Platforms to Support Participatory Campus Planning",2016,1,1,0,0,223.0,225.0,https://dl.acm.org/doi/10.1145/2992154.2996775,1.0,1.0,1.0,1.0,0.0,0.0,0.0,0.0,1.0,1.0,0.0,0.0,0.0,0.0,0.0,0.0,0.0,0.0,0.0,0.0,0.0,0.0,0.0,0.0,0.0,0.0,1.0,1.0,0.0,0.0,0.0,0.0,0.0,0.0,0.0,0.0,0.0,0.0,1.0,1.0,0.0,0.0,0.0,0.0,1.0,1.0,0.0,0.0,1.0,1.0,1.0,1.0,0.0,0.0,0.0,0.0,0.0,0.0,1.0,0.0,1.0,0.0,0.0,0.0,1.0,1.0,1.0,1.0,1
88,https://www.sciencedirect.com/science/article/pii/S1574119212000648,doi:s1574119212000648,Computer science,Pervasive and Mobile Computing,application+system,Designing on-site: Facilitating participatory contextual architecture with mobile phones,2012,1,1,1,0,224.0,226.0,https://www.sciencedirect.com/science/article/pii/S1574119212000648,1.0,1.0,1.0,0.0,0.0,0.0,0.0,0.0,0.0,0.0,0.0,0.0,0.0,0.0,0.0,0.0,1.0,1.0,0.0,0.0,1.0,1.0,0.0,0.0,0.0,0.0,0.0,0.0,0.0,0.0,0.0,0.0,0.0,0.0,0.0,0.0,0.0,0.0,1.0,1.0,0.0,0.0,0.0,0.0,1.0,1.0,0.0,0.0,1.0,1.0,0.0,0.0,0.0,0.0,0.0,0.0,0.0,0.0,0.0,0.0,1.0,1.0,0.0,0.0,1.0,0.0,1.0,0.0,1
89,https://dl.acm.org/doi/10.1145/302979.303114,doi:10.1145/302979.303114,HCI,CHI,theory,Urp: a luminous-tangible workbench for urban planning and design,1999,1,0,1,0,225.0,227.0,https://dl.acm.org/doi/10.1145/302979.303114,1.0,1.0,1.0,1.0,0.0,0.0,0.0,0.0,1.0,1.0,0.0,0.0,0.0,0.0,0.0,0.0,0.0,0.0,0.0,0.0,0.0,0.0,0.0,0.0,1.0,1.0,0.0,0.0,1.0,1.0,0.0,0.0,0.0,0.0,0.0,0.0,0.0,0.0,1.0,1.0,1.0,1.0,0.0,0.0,0.0,0.0,0.0,0.0,1.0,1.0,1.0,1.0,0.0,0.0,0.0,0.0,0.0,0.0,1.0,0.0,1.0,0.0,1.0,0.0,1.0,0.0,1.0,0.0,1
90,https://ieeexplore.ieee.org/document/6876050,ieee:6876050,VIS,IEEE TVCG,technique+algorithm,MovExp: A Versatile Visualization Tool for Human-Computer Interaction Studies with 3D Performance and Biomechanical Data,2014,1,0,1,1,,,,,,,,,,,,,,,,,,,,,,,,,,,,,,,,,,,,,,,,,,,,,,,,,,,,,,,,,,,,,,,,,,,,,,,,0
91,https://dl.acm.org/doi/10.1145/3623509.3633359,doi:10.1145/3623509.3633359,HCI,TEI,application+system,Knitting Interactive Spaces: Fabricating Data Physicalizations of Local Community Visitors with Circular Knitting Machines,2024,1,1,1,1,230.0,232.0,https://dl.acm.org/doi/10.1145/3623509.3633359,0.0,0.0,0.0,0.0,1.0,1.0,0.0,0.0,0.0,0.0,1.0,0.0,0.0,0.0,1.0,1.0,0.0,0.0,0.0,0.0,0.0,0.0,0.0,0.0,0.0,0.0,1.0,1.0,0.0,0.0,1.0,1.0,1.0,1.0,0.0,0.0,1.0,1.0,1.0,0.0,0.0,0.0,1.0,1.0,0.0,0.0,0.0,0.0,1.0,1.0,1.0,0.0,0.0,0.0,0.0,0.0,0.0,0.0,0.0,0.0,1.0,1.0,1.0,1.0,0.0,0.0,1.0,1.0,1
92,https://dl.acm.org/doi/10.1145/3613904.3642215,doi:10.1145/3613904.3642215,HCI,CHI,technique+algorithm,PD-Insighter: A Visual Analytics System to Monitor Daily Actions for Parkinson's Disease Treatment,2024,1,0,1,1,231.0,233.0,https://dl.acm.org/doi/10.1145/3613904.3642215,1.0,0.0,1.0,1.0,0.0,0.0,0.0,0.0,0.0,0.0,1.0,1.0,0.0,0.0,0.0,0.0,0.0,0.0,0.0,0.0,1.0,1.0,0.0,0.0,0.0,0.0,0.0,0.0,0.0,0.0,0.0,0.0,0.0,0.0,0.0,0.0,0.0,0.0,1.0,1.0,0.0,0.0,1.0,1.0,0.0,0.0,0.0,0.0,1.0,1.0,0.0,0.0,0.0,0.0,1.0,0.0,0.0,0.0,1.0,1.0,0.0,0.0,0.0,0.0,1.0,1.0,1.0,1.0,1
93,https://arxiv.org/abs/2403.15321,https://arxiv.org/abs/2403.15321,Computer science,CG,application+system,Visual Highlighting for Situated Brushing and Linking,2024,1,0,1,1,232.0,234.0,https://arxiv.org/abs/2403.15321,1.0,1.0,0.0,0.0,0.0,0.0,0.0,0.0,0.0,0.0,1.0,0.0,0.0,0.0,0.0,0.0,0.0,0.0,1.0,1.0,1.0,1.0,0.0,0.0,0.0,0.0,0.0,0.0,1.0,1.0,0.0,0.0,1.0,0.0,0.0,0.0,0.0,0.0,1.0,1.0,1.0,0.0,0.0,0.0,1.0,1.0,0.0,0.0,1.0,1.0,0.0,0.0,0.0,0.0,0.0,0.0,0.0,0.0,0.0,0.0,1.0,1.0,1.0,1.0,0.0,0.0,1.0,1.0,1
94,https://link.springer.com/article/10.1007/s12652-024-04762-6,doi:10.1007/s12652-024-04762-6,Sociology,JAIHC,application+system,TIDAL: exploring the potential of data physicalization-based interactive environment on runners' motivation,2024,1,1,1,1,233.0,235.0,https://link.springer.com/article/10.1007/s12652-024-04762-6,1.0,1.0,0.0,0.0,1.0,1.0,0.0,0.0,0.0,0.0,1.0,1.0,0.0,0.0,0.0,0.0,0.0,0.0,0.0,0.0,0.0,0.0,1.0,1.0,0.0,0.0,1.0,1.0,0.0,0.0,1.0,1.0,0.0,0.0,1.0,1.0,1.0,1.0,0.0,0.0,0.0,0.0,1.0,1.0,0.0,0.0,0.0,0.0,1.0,1.0,1.0,1.0,0.0,0.0,0.0,0.0,0.0,0.0,0.0,0.0,1.0,1.0,1.0,1.0,0.0,0.0,1.0,1.0,1
95,https://link.springer.com/article/10.1007/s10921-025-01220-x,doi:10.1007/s10921-025-01220-x,other,NDE(material),technique+algorithm,Immersive Inspection: Intuitive Material Analysis using X-Ray Computed Tomography Data in AR,2025,1,0,1,1,234.0,236.0,https://link.springer.com/article/10.1007/s10921-025-01220-x,1.0,1.0,0.0,0.0,0.0,0.0,0.0,0.0,0.0,0.0,0.0,0.0,1.0,1.0,0.0,0.0,1.0,1.0,0.0,0.0,1.0,1.0,0.0,0.0,0.0,0.0,0.0,0.0,1.0,1.0,0.0,0.0,0.0,0.0,0.0,0.0,0.0,0.0,1.0,1.0,0.0,0.0,0.0,0.0,1.0,1.0,0.0,0.0,1.0,1.0,0.0,0.0,0.0,0.0,0.0,0.0,0.0,0.0,1.0,1.0,0.0,0.0,0.0,0.0,1.0,1.0,1.0,1.0,1
96,https://arxiv.org/abs/2507.20006,https://arxiv.org/abs/2507.20006,VIS,IEEE TVCG,technique+algorithm,Beyond the Broadcast: Enhancing VR Tennis Broadcasting through Embedded Visualizations and Camera Techniques,2025,0,0,1,1,235.0,237.0,https://arxiv.org/abs/2507.20006,0.0,0.0,0.0,0.0,1.0,1.0,1.0,1.0,0.0,0.0,0.0,0.0,0.0,0.0,0.0,0.0,0.0,0.0,0.0,0.0,1.0,1.0,0.0,0.0,0.0,0.0,0.0,0.0,1.0,1.0,1.0,1.0,0.0,0.0,1.0,1.0,0.0,0.0,0.0,0.0,1.0,0.0,0.0,0.0,1.0,1.0,0.0,0.0,1.0,1.0,0.0,0.0,1.0,1.0,1.0,0.0,0.0,0.0,0.0,0.0,1.0,1.0,0.0,0.0,1.0,1.0,1.0,1.0,1
97,https://link.springer.com/article/10.1007/s10055-023-00936-3,doi:10.1007/s10055-023-00936-3,Computer science,IEEE VR,application+system,Augmented reality for sailing: a comparative study of head stabilized vs boat stabilized visualization data for wind and bearing angle,2024,1,0,1,1,236.0,238.0,https://link.springer.com/article/10.1007/s10055-023-00936-3,1.0,1.0,0.0,0.0,0.0,0.0,0.0,0.0,1.0,1.0,0.0,0.0,0.0,0.0,0.0,0.0,1.0,1.0,0.0,0.0,1.0,1.0,0.0,0.0,0.0,0.0,0.0,0.0,1.0,1.0,0.0,0.0,0.0,0.0,0.0,0.0,0.0,0.0,1.0,1.0,1.0,1.0,0.0,0.0,0.0,0.0,0.0,0.0,1.0,1.0,0.0,0.0,0.0,0.0,0.0,0.0,0.0,0.0,0.0,0.0,1.0,1.0,0.0,0.0,1.0,1.0,1.0,1.0,1
98,https://www.sciencedirect.com/science/article/pii/S1071581925001132,doi:s1071581925001132,HCI,IJHCS,application+system,Augmented urban models: Investigating how data layout and link to the physical referent impact visual search in augmented reality,2025,0,0,1,1,237.0,239.0,https://www.sciencedirect.com/science/article/pii/S1071581925001132,1.0,1.0,1.0,1.0,0.0,0.0,0.0,0.0,1.0,1.0,0.0,0.0,0.0,0.0,0.0,0.0,1.0,1.0,0.0,0.0,1.0,1.0,0.0,0.0,1.0,1.0,1.0,0.0,1.0,1.0,0.0,0.0,0.0,0.0,0.0,0.0,0.0,0.0,1.0,1.0,0.0,0.0,0.0,0.0,1.0,1.0,0.0,0.0,1.0,1.0,0.0,0.0,0.0,0.0,0.0,0.0,0.0,0.0,1.0,1.0,0.0,0.0,0.0,0.0,1.0,1.0,1.0,1.0,1
99,https://dl.acm.org/doi/epdf/10.1145/3544548.3580768,doi:10.1145/3544548.3580768,HCI,CHI,application+system,Working with Forensic Practitioners to Understand theOpportunities and Challenges for Mixed-Reality Digital Autopsy,2023,1,1,0,1,238.0,240.0,https://dl.acm.org/doi/epdf/10.1145/3544548.3580768,0.0,0.0,1.0,1.0,0.0,0.0,0.0,0.0,0.0,0.0,1.0,1.0,0.0,0.0,0.0,0.0,0.0,0.0,0.0,0.0,1.0,1.0,0.0,0.0,0.0,0.0,0.0,0.0,1.0,1.0,0.0,0.0,0.0,0.0,0.0,0.0,0.0,0.0,1.0,1.0,0.0,0.0,1.0,1.0,1.0,1.0,0.0,0.0,1.0,1.0,0.0,0.0,0.0,0.0,0.0,0.0,0.0,0.0,1.0,1.0,0.0,0.0,0.0,0.0,1.0,1.0,0.0,0.0,1
100,https://ieeexplore.ieee.org/document/9727109,ieee:9727109,Computer science,IEEE Access,application+system,STARE: Augmented Reality Data Visualization for Explainable Decision Support in Smart Environments,2023,1,1,0,1,239.0,241.0,https://ieeexplore.ieee.org/document/9727109,1.0,1.0,0.0,0.0,0.0,0.0,1.0,1.0,0.0,0.0,1.0,1.0,0.0,0.0,0.0,0.0,0.0,0.0,0.0,0.0,1.0,1.0,0.0,0.0,0.0,0.0,0.0,0.0,0.0,0.0,1.0,1.0,0.0,0.0,0.0,0.0,0.0,0.0,1.0,1.0,1.0,1.0,0.0,0.0,1.0,1.0,0.0,0.0,1.0,1.0,0.0,0.0,1.0,1.0,0.0,0.0,0.0,0.0,0.0,0.0,1.0,1.0,1.0,1.0,1.0,1.0,0.0,0.0,1
101,https://dl.acm.org/doi/10.1145/3706599.3720084,doi:10.1145/3706599.3720084,HCI,CHI,application+system,The EnviroMapper Toolkit: An Input Physicalisation that Captures the Situated Experience of Environmental Comfort in Offices,2025,1,1,1,1,240.0,242.0,https://dl.acm.org/doi/10.1145/3706599.3720084,1.0,1.0,1.0,1.0,0.0,0.0,0.0,0.0,0.0,0.0,1.0,1.0,0.0,0.0,0.0,0.0,1.0,1.0,0.0,0.0,0.0,0.0,0.0,0.0,1.0,1.0,1.0,1.0,0.0,0.0,1.0,1.0,0.0,0.0,1.0,0.0,1.0,1.0,1.0,1.0,0.0,0.0,1.0,1.0,0.0,0.0,0.0,0.0,1.0,1.0,1.0,1.0,0.0,0.0,0.0,0.0,0.0,0.0,1.0,1.0,0.0,0.0,1.0,1.0,0.0,0.0,0.0,0.0,1
102,https://dl.acm.org/doi/10.1145/3623509.3633378,doi:10.1145/3623509.3633378,HCI,TEI,application+system,SensorBricks: a Collaborative Tangible Sensor Toolkit to Support the Development of Data Literacy,2024,1,1,1,1,241.0,243.0,https://dl.acm.org/doi/10.1145/3623509.3633378,1.0,1.0,1.0,1.0,0.0,0.0,0.0,0.0,0.0,0.0,1.0,1.0,0.0,0.0,0.0,0.0,0.0,0.0,1.0,1.0,0.0,0.0,1.0,1.0,1.0,1.0,0.0,0.0,1.0,1.0,1.0,1.0,0.0,0.0,1.0,1.0,1.0,1.0,0.0,0.0,1.0,1.0,0.0,0.0,1.0,1.0,0.0,0.0,1.0,1.0,1.0,1.0,0.0,0.0,0.0,0.0,0.0,0.0,1.0,1.0,0.0,0.0,0.0,0.0,1.0,1.0,1.0,1.0,1
103,https://dl.acm.org/doi/10.1145/2677199.2680597,doi:10.1145/2677199.2680597,HCI,TEI,application+system,Cube-in: A Learning Kit for Physical Computing Basics,2015,1,1,0,0,242.0,244.0,https://dl.acm.org/doi/10.1145/2677199.2680597,1.0,1.0,1.0,1.0,0.0,0.0,0.0,0.0,0.0,0.0,0.0,0.0,1.0,1.0,0.0,0.0,0.0,0.0,0.0,0.0,0.0,0.0,0.0,0.0,1.0,1.0,0.0,0.0,1.0,1.0,0.0,0.0,0.0,0.0,0.0,0.0,0.0,0.0,0.0,0.0,0.0,0.0,1.0,1.0,1.0,1.0,0.0,0.0,0.0,0.0,1.0,1.0,0.0,0.0,0.0,0.0,1.0,1.0,0.0,0.0,0.0,0.0,1.0,1.0,0.0,0.0,1.0,1.0,1
104,https://dl.acm.org/doi/10.1145/1935701.1935736,doi:10.1145/1935701.1935736,HCI,TEI,application+system,Pediluma: motivating physical activity through contextual information and social influence,2010,1,1,0,1,243.0,245.0,https://dl.acm.org/doi/10.1145/1935701.1935736,1.0,1.0,0.0,0.0,0.0,0.0,0.0,0.0,0.0,0.0,1.0,1.0,0.0,0.0,0.0,0.0,0.0,0.0,0.0,0.0,0.0,0.0,0.0,0.0,1.0,1.0,0.0,0.0,0.0,0.0,0.0,0.0,1.0,0.0,1.0,0.0,1.0,1.0,0.0,0.0,0.0,0.0,1.0,1.0,0.0,0.0,0.0,0.0,1.0,1.0,1.0,0.0,0.0,0.0,0.0,0.0,1.0,1.0,0.0,0.0,0.0,0.0,1.0,1.0,0.0,0.0,0.0,0.0,1
105,https://dl.acm.org/doi/10.1145/3613904.3642745,doi:10.1145/3613904.3642745,HCI,CHI,application+system,Co-Designing Situated Displays for Family Co-Regulation with ADHD Children,2024,1,1,1,1,244.0,246.0,https://dl.acm.org/doi/10.1145/3613904.3642745,0.0,0.0,1.0,1.0,0.0,0.0,0.0,0.0,0.0,0.0,1.0,1.0,0.0,0.0,0.0,0.0,0.0,0.0,0.0,0.0,0.0,0.0,1.0,0.0,1.0,1.0,0.0,0.0,0.0,0.0,1.0,1.0,0.0,0.0,1.0,0.0,1.0,0.0,1.0,0.0,0.0,0.0,1.0,1.0,0.0,0.0,0.0,0.0,1.0,1.0,1.0,0.0,0.0,0.0,0.0,0.0,1.0,0.0,1.0,1.0,0.0,0.0,1.0,1.0,0.0,0.0,1.0,1.0,1
106,https://www.sciencedirect.com/science/article/pii/S0097849323002686,doi:s0097849323002686,Computer science,CG,technique+algorithm,Augmented reality-based monitoring systems in manufacturing: a systematic literature review and the design of a human-centered prototype,2024,1,1,0,1,245.0,247.0,https://www.sciencedirect.com/science/article/pii/S0097849323002686,1.0,1.0,1.0,1.0,0.0,0.0,0.0,0.0,0.0,0.0,0.0,0.0,0.0,0.0,0.0,0.0,1.0,1.0,0.0,0.0,1.0,1.0,0.0,0.0,1.0,1.0,0.0,0.0,1.0,1.0,0.0,0.0,1.0,0.0,1.0,0.0,0.0,0.0,1.0,1.0,1.0,0.0,0.0,0.0,1.0,1.0,0.0,0.0,1.0,1.0,0.0,0.0,0.0,0.0,0.0,0.0,0.0,0.0,0.0,0.0,1.0,1.0,1.0,1.0,0.0,0.0,1.0,1.0,1
107,https://ieeexplore.ieee.org/document/10494114,ieee:10494114,Computer science,IEEE VR,application+system,Augmented Coach: Volumetric Motion Annotation and Visualization for Immersive Sports Coaching,2024,1,1,0,1,246.0,248.0,https://ieeexplore.ieee.org/document/10494114,1.0,0.0,1.0,1.0,0.0,0.0,1.0,1.0,0.0,0.0,1.0,0.0,0.0,0.0,0.0,0.0,0.0,0.0,0.0,0.0,1.0,1.0,0.0,0.0,0.0,0.0,0.0,0.0,1.0,1.0,1.0,1.0,1.0,0.0,1.0,0.0,0.0,0.0,1.0,1.0,0.0,0.0,1.0,1.0,0.0,0.0,0.0,0.0,1.0,1.0,0.0,0.0,1.0,0.0,1.0,0.0,0.0,0.0,1.0,1.0,0.0,0.0,0.0,0.0,1.0,1.0,1.0,1.0,1
108,https://ieeexplore.ieee.org/document/10972728,ieee:10972728,Computer science,IEEE VR,application+system,Mixing and Matching: Instruction Conveyance for Collaborative Tasks Using Asymmetric Augmented Reality Setups,2025,1,1,0,1,247.0,249.0,https://ieeexplore.ieee.org/document/10972728,0.0,0.0,1.0,1.0,0.0,0.0,0.0,0.0,0.0,0.0,0.0,0.0,0.0,0.0,0.0,0.0,1.0,1.0,0.0,0.0,1.0,1.0,0.0,0.0,0.0,0.0,0.0,0.0,1.0,1.0,1.0,1.0,0.0,0.0,0.0,0.0,0.0,0.0,0.0,0.0,0.0,0.0,0.0,0.0,1.0,1.0,0.0,0.0,1.0,1.0,1.0,0.0,0.0,0.0,0.0,0.0,0.0,0.0,1.0,1.0,0.0,0.0,0.0,0.0,1.0,1.0,1.0,1.0,1
109,https://arxiv.org/abs/2501.15413,https://arxiv.org/abs/2501.15413,HCI,CHI,application+system,XR-penter: Material-Aware and In Situ Design of Scrap Wood Assemblies,2025,1,1,0,0,248.0,250.0,https://arxiv.org/abs/2501.15413,1.0,1.0,0.0,0.0,0.0,0.0,0.0,0.0,0.0,0.0,1.0,0.0,0.0,0.0,0.0,0.0,1.0,1.0,0.0,0.0,1.0,1.0,0.0,0.0,0.0,0.0,0.0,0.0,1.0,1.0,0.0,0.0,0.0,0.0,1.0,0.0,0.0,0.0,1.0,1.0,0.0,0.0,1.0,0.0,1.0,1.0,0.0,0.0,1.0,1.0,1.0,0.0,0.0,0.0,1.0,0.0,0.0,0.0,1.0,1.0,0.0,0.0,0.0,0.0,1.0,1.0,1.0,1.0,1
110,https://pdritsos.com/files/Borowski-et-al-TVCG-2025.pdf,https://pdritsos.com/files/borowski-et-al-tvcg-2025.pdf,VIS,IEEE TVCG,technique+algorithm,DashSpace: A Live Collaborative Platform for Immersive and Ubiquitous Analytics,2025,1,1,0,1,253.0,255.0,https://pdritsos.com/files/Borowski-et-al-TVCG-2025.pdf,1.0,1.0,1.0,1.0,0.0,0.0,0.0,0.0,0.0,0.0,0.0,0.0,0.0,0.0,1.0,0.0,0.0,0.0,1.0,1.0,1.0,1.0,0.0,0.0,0.0,0.0,0.0,0.0,0.0,0.0,1.0,1.0,0.0,0.0,1.0,0.0,0.0,0.0,1.0,1.0,0.0,0.0,1.0,0.0,1.0,1.0,0.0,0.0,1.0,1.0,0.0,0.0,0.0,0.0,0.0,0.0,0.0,0.0,0.0,0.0,1.0,1.0,1.0,1.0,0.0,0.0,1.0,1.0,1
111,https://ieeexplore.ieee.org/document/10750107,ieee:10750107,VIS,IEEE TVCG,theory,"EcoViz: co-designed environmental data visualizations to communicate ecosystem impacts, inform management, and envision solutions",2024,1,1,1,1,254.0,256.0,https://ieeexplore.ieee.org/stamp/stamp.jsp?tp=&arnumber=10750107,0.0,0.0,1.0,1.0,1.0,1.0,0.0,0.0,1.0,1.0,0.0,0.0,0.0,0.0,0.0,0.0,0.0,0.0,0.0,0.0,1.0,1.0,0.0,0.0,0.0,0.0,0.0,0.0,0.0,0.0,1.0,1.0,1.0,0.0,1.0,0.0,1.0,1.0,0.0,0.0,0.0,0.0,0.0,0.0,1.0,1.0,0.0,0.0,1.0,1.0,0.0,0.0,0.0,0.0,0.0,0.0,0.0,0.0,0.0,0.0,1.0,1.0,1.0,1.0,0.0,0.0,1.0,1.0,1
112,https://dl.acm.org/doi/epdf/10.1145/3758871.3758923,doi:10.1145/3758871.3758923,HCI,CHCHI,application+system,MusicBlocks: Crafting Interactive Musical Experiences on and beyond Tabletop With Multi-modal Tangible Interface,2024,1,0,1,0,255.0,257.0,https://dl.acm.org/doi/epdf/10.1145/3758871.3758923,1.0,1.0,0.0,0.0,0.0,0.0,1.0,1.0,0.0,0.0,0.0,0.0,0.0,0.0,0.0,0.0,0.0,0.0,0.0,0.0,1.0,0.0,0.0,0.0,1.0,1.0,0.0,0.0,0.0,0.0,1.0,1.0,0.0,0.0,1.0,1.0,0.0,0.0,0.0,0.0,0.0,0.0,1.0,1.0,0.0,0.0,0.0,0.0,0.0,0.0,1.0,1.0,1.0,1.0,0.0,0.0,1.0,1.0,0.0,0.0,0.0,0.0,0.0,0.0,1.0,1.0,1.0,0.0,1
113,https://www.mdpi.com/1424-8220/26/5/1726,https://www.mdpi.com/1424-8220/26/5/1726,Computer science,Sensor,application+system,StepsConnect: A Real-Time Step-Sensing Ambient Display System to Support Connectedness for Family Members Living Apart,2026,1,1,1,1,256.0,258.0,https://www.mdpi.com/1424-8220/26/5/1726,0.0,0.0,1.0,1.0,0.0,0.0,0.0,0.0,0.0,0.0,1.0,1.0,0.0,0.0,0.0,0.0,0.0,0.0,0.0,0.0,0.0,0.0,0.0,0.0,1.0,1.0,0.0,0.0,0.0,0.0,1.0,1.0,0.0,0.0,1.0,1.0,1.0,1.0,0.0,0.0,0.0,0.0,1.0,1.0,0.0,0.0,0.0,0.0,1.0,1.0,0.0,0.0,0.0,0.0,0.0,0.0,0.0,0.0,1.0,1.0,0.0,0.0,1.0,1.0,0.0,0.0,1.0,1.0,1
114,https://dl.acm.org/doi/epdf/10.1145/3706598.3713878,doi:10.1145/3706598.3713878,HCI,CHI,application+system,FluidTrack: Investigating Child-Parent Collaborative Tracking for Pediatric Voiding Dysfunction Management,2025,1,1,1,1,257.0,259.0,https://dl.acm.org/doi/epdf/10.1145/3706598.3713878,0.0,0.0,1.0,1.0,0.0,0.0,0.0,0.0,0.0,0.0,1.0,1.0,0.0,0.0,0.0,0.0,0.0,0.0,0.0,0.0,0.0,0.0,0.0,0.0,1.0,1.0,0.0,0.0,0.0,0.0,0.0,0.0,1.0,1.0,1.0,1.0,1.0,1.0,0.0,0.0,0.0,0.0,1.0,1.0,0.0,0.0,0.0,0.0,1.0,1.0,1.0,1.0,0.0,0.0,0.0,0.0,0.0,0.0,1.0,1.0,0.0,0.0,0.0,0.0,1.0,1.0,1.0,1.0,1
115,https://arxiv.org/pdf/2507.17218,https://arxiv.org/pdf/2507.17218,VIS,IEEE TVCG,application+system,OceanVive: An Immersive Visualization System for Communicating Complex Oceanic Phenomena,2025,1,1,1,1,258.0,260.0,https://arxiv.org/pdf/2507.17218,0.0,0.0,0.0,0.0,1.0,1.0,0.0,0.0,1.0,1.0,0.0,0.0,1.0,1.0,0.0,0.0,0.0,0.0,0.0,0.0,0.0,0.0,0.0,0.0,0.0,0.0,1.0,1.0,1.0,1.0,1.0,1.0,0.0,0.0,1.0,0.0,1.0,1.0,0.0,0.0,0.0,0.0,0.0,0.0,1.0,1.0,0.0,0.0,1.0,1.0,0.0,0.0,1.0,1.0,0.0,0.0,0.0,0.0,0.0,0.0,1.0,1.0,1.0,1.0,0.0,0.0,1.0,1.0,1
116,https://dl.acm.org/doi/epdf/10.1145/3613905.3650782,doi:10.1145/3613905.3650782,HCI,CHI,application+system,CardboardHRV: Bridging Virtual Reality and Biofeedback with a Cost-Effective Heart Rate Variability System,2024,1,1,0,1,259.0,261.0,https://dl.acm.org/doi/epdf/10.1145/3613905.3650782,1.0,1.0,1.0,0.0,0.0,0.0,0.0,0.0,0.0,0.0,1.0,1.0,0.0,0.0,0.0,0.0,0.0,0.0,0.0,0.0,1.0,1.0,1.0,0.0,0.0,0.0,0.0,0.0,0.0,0.0,0.0,0.0,0.0,0.0,1.0,1.0,1.0,1.0,1.0,0.0,0.0,0.0,1.0,1.0,0.0,0.0,0.0,0.0,1.0,1.0,0.0,0.0,1.0,0.0,0.0,0.0,1.0,0.0,1.0,0.0,0.0,0.0,0.0,0.0,1.0,1.0,0.0,0.0,1
117,https://dl.acm.org/doi/epdf/10.1145/3770501.3770521,doi:10.1145/3770501.3770521,Computer science,ICIOT,application+system,Tangible IoT Interfaces for Domestic Energy Awareness: A Field Study with the Energy Inspectors,2025,0,1,0,1,260.0,262.0,https://dl.acm.org/doi/epdf/10.1145/3770501.3770521,1.0,1.0,1.0,1.0,0.0,0.0,0.0,0.0,1.0,1.0,0.0,0.0,0.0,0.0,0.0,0.0,0.0,0.0,0.0,0.0,0.0,0.0,0.0,0.0,1.0,1.0,0.0,0.0,0.0,0.0,1.0,1.0,1.0,0.0,0.0,0.0,1.0,1.0,1.0,1.0,1.0,1.0,0.0,0.0,0.0,0.0,0.0,0.0,1.0,1.0,0.0,0.0,0.0,0.0,0.0,0.0,1.0,1.0,0.0,0.0,0.0,0.0,1.0,1.0,0.0,0.0,1.0,1.0,1
118,https://dl.acm.org/doi/epdf/10.1145/3714394.3756158,doi:10.1145/3714394.3756158,HCI,UbiComp,application+system,"MindfulBreath: Every Breath You Take, Every Mind You Wake",2025,1,0,0,1,261.0,263.0,https://dl.acm.org/doi/epdf/10.1145/3714394.3756158,1.0,1.0,0.0,0.0,0.0,0.0,0.0,0.0,0.0,0.0,1.0,1.0,0.0,0.0,0.0,0.0,0.0,0.0,0.0,0.0,0.0,0.0,0.0,0.0,1.0,1.0,0.0,0.0,1.0,1.0,0.0,0.0,0.0,0.0,1.0,1.0,1.0,1.0,0.0,0.0,0.0,0.0,1.0,1.0,0.0,0.0,0.0,0.0,1.0,1.0,1.0,0.0,0.0,0.0,0.0,0.0,0.0,0.0,1.0,1.0,0.0,0.0,1.0,1.0,0.0,0.0,1.0,1.0,1
119,https://doi.org/10.1145/3706599.3720085,doi:10.1145/3706599.3720085,HCI,CHI,application+system,Intuit: Explain Quantum Computing Concepts via AR-based Analogy,2025,1,0,0,0,262.0,264.0,https://doi.org/10.1145/3706599.3720085,1.0,1.0,1.0,1.0,0.0,0.0,0.0,0.0,0.0,0.0,0.0,0.0,1.0,1.0,0.0,0.0,0.0,0.0,0.0,0.0,1.0,1.0,0.0,0.0,0.0,0.0,0.0,0.0,1.0,1.0,1.0,1.0,0.0,0.0,0.0,0.0,0.0,0.0,0.0,0.0,0.0,0.0,1.0,0.0,1.0,0.0,1.0,1.0,1.0,1.0,1.0,0.0,0.0,0.0,0.0,0.0,0.0,0.0,1.0,1.0,0.0,0.0,1.0,1.0,1.0,1.0,0.0,0.0,1
120,https://dl.acm.org/doi/epdf/10.1145/3706598.3714089,doi:10.1145/3706598.3714089,HCI,CHI,application+system,Intimate Data Sharing: Enhancing Transparency and Control in Fertility Tracking,2025,1,0,0,0,263.0,265.0,https://dl.acm.org/doi/epdf/10.1145/3706598.3714089,1.0,1.0,0.0,0.0,0.0,0.0,0.0,0.0,0.0,0.0,1.0,1.0,0.0,0.0,0.0,0.0,0.0,0.0,0.0,0.0,0.0,0.0,0.0,0.0,1.0,1.0,0.0,0.0,0.0,0.0,1.0,1.0,1.0,0.0,0.0,0.0,1.0,1.0,1.0,1.0,0.0,0.0,1.0,1.0,0.0,0.0,0.0,0.0,1.0,1.0,0.0,0.0,0.0,0.0,0.0,0.0,1.0,1.0,0.0,0.0,0.0,0.0,1.0,1.0,0.0,0.0,1.0,1.0,1
